,name,brand,price,real_price
0,2038-BL Day and Date Analog Watch  - For Men,Fogg,₹314,"₹1,799"
1,LS2804 All Black Mesh Strap Day and Date Functioning Qu...,LIMESTONE,₹271,"₹1,999"
2,LCS-8188 BLUE DIAL AND SILVER STRAP DAY & DATE FUNCTION...,LOIS CARON,₹314,"₹1,799"
3,TW-02524 Teenager Luxurious Fashion Silicone Black Colo...,KNACK,₹180,₹499
4,NEW STYLISH DIAL- PU STRAP & BLACK KING BRACELET COMBO ...,CRAB,₹284,₹799
5,EH-167-BLUE Blue Unique New Analog Watch  - For Men,EDDY HAGER,₹208,"₹1,699"
6,38024PP25 Minimalists Analog Watch  - For Men,Fastrack,₹850,₹850
7,1170-BL-BR Unique New Day & Date Analog Watch  - For Me...,Fogg,₹296,"₹1,699"
8,LCS-8075 DAY & DATE FUNCTIONING Analog Watch  - For Men,LOIS CARON,₹261,"₹2,599"
9,ANLG-428-BLUE-BLU Analog Watch  - For Men,ANALOGUE,₹237,"₹1,499"
10,goldmines-1 Analog-Digital Watch  - For Men,SKMEI,₹387,"₹1,499"
11,AD1166 Analog-Digital Watch  - For Boys,SKMEI,₹385,"₹1,999"
12,NEW GENERATION DIGITAL NEW DIGITAL LED SPORTS Digital s...,SSA,₹315,₹999
13,LS2734 Wolf Gents Exclusive Mesh Strap Analog Analog Wa...,LIMESTONE,₹194,"₹1,999"
14,77106SM04 Analog Watch  - For Men,SONATA,₹909,"₹1,249"
15,32-BK-CK Analogue Display with Exclusive Design Analog ...,PIRASO,₹279,"₹1,599"
16,EH-283-BL Blue Working Day and Date Display Analog Watc...,EDDY HAGER,₹312,"₹2,599"
17,LCS-8208 DAY & DATE FUNCTIONING WATCH Analog Watch  - F...,LOIS CARON,₹296,"₹1,799"
18,LS2821 Bleed Blue Day and Date Functioning Strap Adult ...,LIMESTONE,₹296,"₹1,999"
19,4044-PK Modish Analog Watch  - For Women,Fogg,₹305,"₹1,399"
20,TW00ZR361 Analog Watch  - For Men,TIMEX,₹559,"₹1,925"
21,Couple Analogue Stainless Steel Black Dial Analog Watch...,SPLAZOS,₹215,"₹1,599"
22,Arrow Blk Analog Watch  - For Men,Daniel Jubile,₹259,"₹1,499"
23,2051-BK Black Day and Date Analog Watch  - For Men,Fogg,₹322,"₹2,599"
24,New Stylish Combo Of King Printed Watch and Bracelet An...,Blue Pearl,₹269,₹999
25,2038-WH Day and Date Analog Watch  - For Men,Fogg,₹314,"₹1,799"
26,Set Of three Combo Latest Combo of 3 Brown & Blue & bla...,FOXTER,₹331,"₹1,399"
27,HMTG-G9052 Original Gold Plated Day & Date Watch & Gold...,hrnt,₹477,"₹2,299"
28,1005-Black Dial Analog Digital Sports Watch For Men's B...,Benling,₹683,"₹2,499"
29,D&D-14 ANALOG DAY AND DATE DISPLAY WATCH FOR MEN & BOYS...,PIRASO,₹329,"₹1,599"
30,LCS-8190 BLACK DIAL AND SILVER STRAP DAY & DATE FUNCTIO...,LOIS CARON,₹314,"₹1,799"
31,New Arrival Stylish Attractive Ethnic Blue Bracelet Loo...,MIKADO,₹224,"₹1,999"
32,LS2842 Mesh Strap Day and Date Functioning All Black Sh...,LIMESTONE,₹279,"₹1,899"
33,4049-BK Elegant Analog Watch  - For Men,Fogg,₹249,"₹1,499"
34,1164-BR Brown Day and Date Unique New Analog Watch  - F...,Fogg,₹305,"₹1,699"
35,LS2917 Mesh Strap All Black Avatar Day and Date Functio...,LIMESTONE,₹296,"₹2,999"
36,SKMEI Sports Multifunctional Dual Time Digital Blue Dia...,AWEX,₹390,"₹1,999"
37,Pink diamond studded attractive butterfly stylish women...,SPINOZA,₹195,₹399
38,Abx1017-Gents Green Solitary Camouflage Pattern NEW GEN...,hala,₹270,₹999
39,LCS-96142 Day And Date Functioning High Quality Analog ...,Espoir,₹249,"₹1,795"
40,PE000001A Analog Watch  - For Men,PETER ENGLAND,"₹1,339","₹2,645"
41,Combo Of 5 Stylish Attractive Chronograph Pattern Desig...,FOXTER,₹436,"₹1,999"
42,96127-New Stylish Beloved Couple Watches for Men and Wo...,TRUE COLORS,₹261,₹999
43,TW-02524 Teenager Luxurious Fashion Silicone Black Colo...,KNACK,₹180,₹499
44,KNK-GL11 Latest attractive Square black dail and Golden...,KNACK,₹313,₹999
45,77085PP03 Volt Analog Watch  - For Men,SONATA,₹675,₹675
46,LCS-8404 ORIGINAL GOLD PLATED DAY & DATE FUNCTIONING An...,LOIS CARON,₹549,"₹2,999"
47,Gents Exclusive 3 Designer Combo (Casual+PartyWear+Form...,Rizzly,₹349,₹899
48,CH2647 Decker Analog Watch  - For Men,FOSSIL,"₹3,829","₹8,995"
49,2038-BL Day and Date Analog Watch  - For Men,Fogg,₹314,"₹1,799"
50,AMN_492 PU NEW ARRIVAL ROUND DIAL ANALOG QUARTZ WATCH F...,AMINO,₹198,₹799
51,Combo of 2 Product watch Analog Watch  - For Women,LIBAS,₹289,"₹1,299"
52,Analog Digital Analog-Digital Watch  - For Boys,SKMEI,₹369,"₹1,999"
53,LS2804 All Black Mesh Strap Day and Date Functioning Qu...,LIMESTONE,₹271,"₹1,999"
54,LCS-8184 DAY & DATE FUNCTIONING WATCH Analog Watch  - F...,LOIS CARON,₹279,"₹1,799"
55,2047-WH Day and Date Analog Watch  - For Men,Fogg,₹299,"₹1,599"
56,Men's Steel Chain RB02 Silver Black New Stylis Men's Al...,Daniel Jubile,₹227,"₹1,499"
57,CSD-326-BLK-BLK All Black Mesh Silicone Strap with Supe...,CASADO,₹233,"₹1,299"
58,800 Digital Army Green Sports Digital Watch  - For Men,EDDY HAGER,₹472,"₹2,599"
59,LS2734 Wolf Gents Exclusive Mesh Strap Analog Analog Wa...,LIMESTONE,₹194,"₹1,999"
60,LS2811 Day & Date Original Gold Plated Quartz Analog Wa...,LIMESTONE,₹504,"₹4,099"
61,492+KING BR 1 NEW DESIGNER WATCH AND ONE KING BR COMBO ...,HENCY,₹284,₹999
62,blue22557 Analog-Digital Watch  - For Men,SKMEI,₹389,"₹1,999"
63,4044-PK Modish Analog Watch  - For Women,Fogg,₹305,"₹1,399"
64,77106SL03 Analog Watch  - For Men,SONATA,₹599,"₹1,149"
65,NG38003PP13J Tees Analog Watch  - For Men & Women,Fastrack,₹795,₹795
66,A1669 Enticer Men's ( MTP-V002D-7BUDF ) Analog Watch  -...,CASIO,₹939,"₹1,995"
67,PE000015D Analog Watch  - For Men,PETER ENGLAND,"₹1,529","₹3,045"
68,PE000014B Analog Watch  - For Men,PETER ENGLAND,₹829,"₹1,695"
69,1195-WH White Unique Analog Watch  - For Men,Fogg,₹251,"₹1,599"
70,P21-01N Analog Watch  - For Men,PROVOGUE,₹519,"₹1,599"
71,4075-BK Elegant Design Analog Watch  - For Men,Fogg,₹314,"₹1,799"
72,2058-BK Printed Black Day and Date Analog Watch  - For ...,Fogg,₹314,"₹2,299"
73,2051-BK Black Day and Date Analog Watch  - For Men,Fogg,₹322,"₹2,599"
74,D&D-14 ANALOG DAY AND DATE DISPLAY WATCH FOR MEN & BOYS...,PIRASO,₹329,"₹1,599"
75,TD_MAHADEV001 MAHADEV Black dial Black Genuine Leather ...,TARIDO,₹179,₹899
76,TW0TG7801 Analog Watch  - For Men,TIMEX,₹799,"₹1,549"
77,P21-02N Analog Watch  - For Men,PROVOGUE,₹509,"₹1,599"
78,LCS-96142 Day And Date Functioning High Quality Analog ...,Espoir,₹249,"₹1,795"
79,4049-BK Elegant Analog Watch  - For Men,Fogg,₹249,"₹1,499"
80,NEW GENERATION DIGITAL NEW DIGITAL LED SPORTS Digital s...,SSA,₹339,₹999
81,NH7987SL01CJ Analog Watch  - For Men,SONATA,₹529,₹625
82,800-BK Digital Army Sports Digital Watch  - For Men,EDDY HAGER,₹472,"₹2,599"
83,TW-02524 Teenager Luxurious Fashion Silicone Black Colo...,KNACK,₹180,₹499
84,7007 3 stylish different coloured Watch combo Analog Wa...,Fogg,₹472,"₹2,199"
85,USAT0153 Analog-Digital Watch  - For Men,U.S. POLO ASSN.,"₹1,904","₹6,799"
86,77049YM01CJ Analog Watch  - For Men,SONATA,₹614,₹725
87,BLACK-1 Trending KOREAN’s Favorite Style Latest Digital...,hala,₹279,₹999
88,Exclusive Choice Silver Diamond Studded Rose Gold New A...,Daniel Jubile,₹217,"₹1,499"
89,BlueWayfarerCombo/ANLG-405 Blue Analog Watch  - For Boy...,ANALOGUE,₹296,"₹1,299"
90,NG38003PP05C Tees Analog Watch  - For Men & Women,Fastrack,₹795,₹795
91,NC7023YM09 Classic Analog Watch  - For Men,SONATA,"₹1,169","₹1,325"
92,New Red LED 184 Silicone Belt Day Date Feature Sports M...,Shocknshop,₹128,₹999
93,LS2734 Wolf Gents Exclusive Mesh Strap Analog Analog Wa...,LIMESTONE,₹194,"₹1,999"
94,LS2804 All Black Mesh Strap Day and Date Functioning Qu...,LIMESTONE,₹271,"₹1,999"
95,EH-226-SL Silver Day and Date Analog Watch  - For Men,EDDY HAGER,₹314,"₹2,599"
96,6204SM01 Basics Analog Watch  - For Women,Fastrack,"₹1,164","₹1,850"
97,Copper New Arrival Analog Bracelet Stylish Fancy Analog...,iDIVAS,₹293,"₹1,299"
98,NG38003PP08 Tees Analog Watch  - For Men & Women,Fastrack,₹795,₹795
99,2058-BK Printed Black Day and Date Analog Watch  - For ...,Fogg,₹314,"₹2,299"
100,2047-BL Day and Date Analog Watch  - For Men,Fogg,₹299,"₹1,599"
101,EH-807 Black & Blue Digital Sports Analog-Digital Watch...,EDDY HAGER,₹449,"₹2,599"
102,1384 Army Green Chronograph Digital Sports Digital Watc...,SKMEI,₹375,"₹1,999"
103,LCS-96142 Day And Date Functioning High Quality Analog ...,Espoir,₹249,"₹1,795"
104,B-G5043-BK-BC Black Dial Watch Water Resistant Latest B...,Buccachi,₹313,"₹2,295"
105,L-63066LMGI Maxima Elite Analog Watch  - For Men,MAXIMA,₹499,"₹1,395"
106,PE000002B Analog Watch  - For Men,PETER ENGLAND,₹649,"₹1,545"
107,77085PP02 Volt Analog Watch  - For Men,SONATA,₹675,₹675
108,AKS Golden Diamond Women And Rosara Gold Silver Black D...,Varni Retail,₹323,"₹2,299"
109,1195-WH White Unique Analog Watch  - For Men,Fogg,₹251,"₹1,599"
110,New Style Rose Gold And Silver And Copper Star Diamond ...,just like,₹429,"₹1,599"
111,L-62713LMLI Elite Analog Watch  - For Women,MAXIMA,₹499,"₹1,395"
112,LR01-LR05 New Latest Designer Combo of 2 Analog Watch  ...,Blue Pearl,₹261,₹999
113,D&D C19 BLACK Latest Designer Black Color Watch With Da...,PIRASO,₹323,"₹1,599"
114,FR-810 Blue Rock Professional studded Analog Watch  - F...,FOXTER,₹199,₹799
115,NH7924SL04C Yuva Analog Watch  - For Men,SONATA,₹804,₹949
116,AR-00071 chronograph pattren Analog Watch  - For Men,ARMADO,₹474,"₹2,599"
117,NEW STYLISH CASUAL COMBO FOR MAN Analog Watch  - For Me...,FOXTER,₹399,"₹2,999"
118,LCS-8187 BROWN DIAL AND SILVER STRAP DAY & DATE FUNCTIO...,LOIS CARON,₹314,"₹1,799"
119,4049-BK Elegant Analog Watch  - For Men,Fogg,₹249,"₹1,499"
120,Exclusive Choice Black Diamond Studded Rose Gold New An...,Daniel Jubile,₹217,"₹1,499"
121,Abx1017-Gents Blue Solitary Camouflage Pattern NEW GENE...,hala,₹274,₹999
122,ES2615 Day And Date Functioning High Quality Analog Wat...,Espoir,₹299,"₹1,995"
123,TW-02524 Teenager Luxurious Fashion Silicone Black Colo...,KNACK,₹180,₹499
124,LS2803 All Black Mesh Strap Day and Date Functioning Qu...,LIMESTONE,₹271,"₹1,999"
125,Abx8010-Gents Exclusive (Casual+PartyWear+Formal) Desig...,ABREXO,₹395,"₹3,199"
126,2038-BK Working Day and Date Analog Watch  - For Men,Fogg,₹296,"₹1,799"
127,216-Blue And Brown Linear Designer Analog Watch  - For ...,Rizzly,₹299,"₹1,499"
128,LS2971 New Day and Date Functioning Tan Strap Blue Dial...,LIMESTONE,₹254,"₹1,999"
129,2038-BL Day and Date Analog Watch  - For Men,Fogg,₹314,"₹1,799"
130,5070-BL Blue Day and Date Analog Watch  - For Couple,Fogg,₹559,"₹3,199"
131,Black 12 Dimond Chronograph Magnet Belt Special Edition...,Daniel Jubile,₹279,"₹1,999"
132,DK11421-7 Analog Watch  - For Women,DANIEL KLEIN,"₹1,239","₹3,750"
133,LS2804 All Black Mesh Strap Day and Date Functioning Qu...,LIMESTONE,₹271,"₹1,999"
134,FS4778 Other - Mens Analog Watch  - For Men,FOSSIL,"₹5,799","₹13,495"
135,EH-167-BROWN Brown Unique New Analog Watch  - For Men,EDDY HAGER,₹208,"₹1,699"
136,PE000008C Analog Watch  - For Men,PETER ENGLAND,"₹1,129","₹2,295"
137,LS2820 Bleed Blue Day and Date Functioning Steel Strap ...,LIMESTONE,₹271,"₹1,999"
138,Y043 STEEL CHAIN BELT BEST SELLING Boy watch With Free ...,Freny Exim,₹339,"₹1,199"
139,BlueWayfarerCombo/ANLG-405 Blue Analog Watch  - For Boy...,ANALOGUE,₹296,"₹1,299"
140,216-Blue Sporty look Designer For Boys And Men Analog W...,Rizzly,₹199,"₹1,299"
141,ND1013SM01C Analog Watch  - For Men,SONATA,₹634,₹749
142,Black And Blue Stain Less Steel Strap Analog Watch  - F...,Embassy,₹349,"₹1,599"
143,LS2734 Wolf Gents Exclusive Mesh Strap Analog Analog Wa...,LIMESTONE,₹194,"₹1,999"
144,Arrow Black 21st Century 2019 Analog Watch  - For Boys,Daniel Jubile,₹239,"₹1,499"
145,Fresh Fashion Best In Market Black Girls Watch Analog W...,Loretta,₹269,"₹1,299"
146,MK-2059W Analog Watch  - For Men,LORENZ,₹359,"₹1,499"
147,2058-WH Printed White Day and Date Analog Watch  - For ...,Fogg,₹314,"₹2,299"
148,Attractive Blue Men Sport Military Series Analogue Digi...,SKMEI,₹390,"₹1,499"
149,D&D-14 ANALOG DAY AND DATE DISPLAY WATCH FOR MEN & BOYS...,PIRASO,₹329,"₹1,599"
150,Rich Looking Silicone Rubber Back Color Belt Sport Watc...,Royatto,₹289,"₹1,499"
151,NG3124SL02 Bare Basic Analog Watch  - For Men,Fastrack,"₹1,354","₹1,595"
152,Blue Heart Watch For Women Analog Watch  - For Girls,MIKADO,₹224,"₹1,999"
153,4049-BK Elegant Analog Watch  - For Men,Fogg,₹249,"₹1,499"
154,NG38004PP06CJ Tees Analog Watch  - For Men & Women,Fastrack,₹674,₹795
155,NH7987SM03CJ Analog Watch  - For Men,SONATA,₹625,₹625
156,GOLD DIAL DATE DISPLAY ANALOGUE-HM-GR353-GLD-CH Analog ...,HEMT,₹537,"₹2,999"
157,L-63063LMGI Maxima Elite Analog Watch  - For Men,MAXIMA,₹499,"₹1,395"
158,2047-BK Day and Date Analog Watch  - For Men,Fogg,₹299,"₹1,599"
159,4044-PK Modish Analog Watch  - For Women,Fogg,₹305,"₹1,399"
160,LS2881 Brown Day and Date Functioning Check Pattern Str...,LIMESTONE,₹279,"₹1,999"
161,TODAYS FASHION Trend Maker Analog Watch  - For Men,iDIVAS,₹215,₹499
162,NH8989PP04J Analog Watch  - For Women,SONATA,₹525,₹525
163,TW-02524 Teenager Luxurious Fashion Silicone Black Colo...,KNACK,₹180,₹499
164,43-Mate Blue Shined Casual Boys Designer Analog Watch  ...,Rizzly,₹219,"₹1,299"
165,LS2729 WIne Grey Avatar Day and Date Functioning Analog...,LIMESTONE,₹279,"₹2,499"
166,233WDTG TIMEWEAR Analog Watch Collection for Men Analog...,TIMEWEAR,₹229,₹799
167,SLPM0120 Pink diamond studded love attractive bracelet ...,SPINOZA,₹239,₹499
168,142-Black Flower Designed For Girls And Women Analog Wa...,Rizzly,₹349,"₹1,499"
169,BlueWayfarerCombo/ANLG-405 Blue Analog Watch  - For Boy...,ANALOGUE,₹296,"₹1,299"
170,CSD-326-BLK-1-BLK All Black Combo Set of Wayfarer Sungl...,CASADO,₹296,"₹1,499"
171,1140-BL Blue Day and Date Analog Watch  - For Men,hala,₹296,"₹1,499"
172,LS2734 Wolf Gents Exclusive Mesh Strap Analog Analog Wa...,LIMESTONE,₹194,"₹1,999"
173,D&D-14 ANALOG DAY AND DATE DISPLAY WATCH FOR MEN & BOYS...,PIRASO,₹329,"₹1,599"
174,VH000007E Analog Watch  - For Women,VAN HEUSEN,"₹1,269","₹2,725"
175,1141- BL Blue Day and Date Analog Watch  - For Men,Fogg,₹299,"₹2,599"
176,Blue Heart Analog Watch For Women Watch And Bracelet An...,MIKADO,₹269,"₹1,999"
177,Blue Dial Rich Look Analog Watch  - For Men,Embassy,₹219,"₹1,299"
178,1155BLCK Analog - Digital 1155blackA1 Analog-Digital Wa...,AWEX,₹390,"₹1,593"
179,LCS-96142 Day And Date Functioning High Quality Analog ...,Espoir,₹249,"₹1,795"
180,new model HK 05 Analog Watch  - For Boys,Happy Khajana,₹169,₹799
181,Premium Military S-Shock Multi-Function Resin Digital M...,SKMEI,₹359,"₹1,999"
182,O-51610LMLI Attivo Collection Analog Watch  - For Women,MAXIMA,₹589,"₹1,925"
183,4044-PK Modish Analog Watch  - For Women,Fogg,₹305,"₹1,399"
184,black Digital Watch  - For Boys,SKMEI,₹338,"₹1,499"
185,1005-Black Dial Analog Digital Sports Watch For Men's 1...,Benling,₹683,"₹2,499"
186,Stylish silicone stap comfortable to wear watch Analog ...,KNACK,₹228,₹799
187,3240SL02 Analog Watch  - For Men,Fastrack,"₹1,739","₹2,095"
188,8976SM01J Analog Watch  - For Women,SONATA,₹649,₹649
189,1195-WH White Unique Analog Watch  - For Men,Fogg,₹251,"₹1,599"
190,VH000010D Analog Watch  - For Women,VAN HEUSEN,"₹1,069","₹2,225"
191,TW00ZR347 Analog Watch  - For Men,TIMEX,"₹1,475","₹2,495"
192,FANCY LOOK & WROTH COMBO WITH 1 YEAR WARRANTY Analog Wa...,TRUE COLORS,₹305,"₹1,299"
193,2051-BK Black Day and Date Analog Watch  - For Men,Fogg,₹322,"₹2,599"
194,Multicolor and 11 Belt watch for kids Analog Watch  - F...,SPINOZA,₹199,₹299
195,3166KM01 All Nighters Analog Watch  - For Men,Fastrack,"₹2,534","₹3,250"
196,Fresh Fashion Best In Market Black Girls Watch Analog W...,Loretta,₹269,"₹1,299"
197,brown and blue Set Of three Combo Latest Combo of 3 Bro...,FOXTER,₹329,"₹1,399"
198,NG38022PP03 Tees Analog Watch  - For Men & Women,Fastrack,₹674,₹795
199,4049-BK Elegant Analog Watch  - For Men,Fogg,₹249,"₹1,499"
200,Black diamond studded attractive butterfly stylish wome...,SPINOZA,₹195,₹399
201,Latest Beautiful Brendy Designer Analog Watch  - For Gi...,Septem,₹299,"₹1,599"
202,TC_130142 NEW ARRIVA RAJVADI BANG E PACK OF 3 Analog Wa...,TRUE COLORS,₹345,₹899
203,TW-02524 Teenager Luxurious Fashion Silicone Black Colo...,KNACK,₹180,₹499
204,3242SM02 Analog Watch  - For Men,Fastrack,"₹1,494","₹1,895"
205,O-46863CMGI Analog Watch  - For Men,MAXIMA,₹799,"₹2,099"
206,PE000017E Analog Watch  - For Men,PETER ENGLAND,"₹1,539","₹3,045"
207,MK-2092W Lorenz Green-Black Dial Analog Watch  - For Me...,LORENZ,₹269,₹999
208,302-Black Leather Strap Moon Designed Mens And Boys Ana...,Rizzly,₹375,"₹1,999"
209,BlueWayfarerCombo/ANLG-405 Blue Analog Watch  - For Boy...,ANALOGUE,₹296,"₹1,299"
210,213-Blue Smart Casual Designer Unique New Boys Analog W...,Rizzly,₹199,"₹1,299"
211,Unique designed professioal and luxury style different ...,KNACK,₹218,₹699
212,1140-BR Brown Day and Date Analog Watch  - For Men,Fogg,₹296,"₹2,599"
213,2058-BK Printed Black Day and Date Analog Watch  - For ...,Fogg,₹314,"₹2,299"
214,Gmarks -1384 Red Sports Digital Watch  - For Men,SKMEI,₹348,₹999
215,New Best Designer King Queen Couple Watch For Boys & Gi...,Blue Pearl,₹314,₹999
216,3240SM03 Analog Watch  - For Men,Fastrack,"₹1,649","₹2,195"
217,Magnet Strap Girls Women 12 Diamond Rishtey Rose Gold 2...,Daniel Jubile,₹279,"₹1,499"
218,ANLG-428-BROWN-BRWN Analog Watch  - For Men,ANALOGUE,₹237,"₹1,499"
219,LS2734 Wolf Gents Exclusive Mesh Strap Analog Analog Wa...,LIMESTONE,₹194,"₹1,999"
220,WRG00039B Analog Watch  - For Men,Wrogn,₹729,"₹1,798"
221,Magnet Strap Girls Women 12 Diamond New Rishtey Rose Go...,Daniel Jubile,₹284,"₹1,499"
222,ANLG-428 Analog Watch  - For Men,ANALOGUE,₹233,"₹1,499"
223,4044-PK Modish Analog Watch  - For Women,Fogg,₹305,"₹1,399"
224,DAY AND DATE DISPLAY Analog Watch  - For Men,HAMT WATCHES,₹509,"₹2,999"
225,Blue diamond studded attractive butterfly stylish women...,SPINOZA,₹195,₹399
226,1384 Black Chronograph Digital Sports Digital Watch  - ...,SKMEI,₹350,"₹1,999"
227,FS5268I GRANT SPOR Analog Watch  - For Men,FOSSIL,"₹5,239","₹10,995"
228,USAT0144 Analog Watch  - For Men,U.S. POLO ASSN.,"₹1,589","₹4,999"
229,4049-BK Elegant Analog Watch  - For Men,Fogg,₹249,"₹1,499"
230,LCS-8175 DAY & DATE FUNCTIONING Analog Watch  - For Men,LOIS CARON,₹296,"₹1,899"
231,WRG00012A Analog Watch  - For Men,Wrogn,"₹1,044","₹2,798"
232,0830763 Pista Analog Watch  - For Men,SCUDERIA FERRARI,"₹4,779","₹11,950"
233,1195-WH White Unique Analog Watch  - For Men,Fogg,₹251,"₹1,599"
234,AXE Presents New Model & Fashionable Day and Date Blue ...,AXE Style,₹298,"₹1,999"
235,EX208 Edifice ( EFR-526BK-1A9VUDF ) Analog Watch  - For...,CASIO,"₹7,644","₹8,995"
236,Deasingner King Queen Metal Couple Combo WAtch For Boy ...,Varni Fashion,₹296,"₹2,099"
237,WN03142 Blue and black new and attractive design steel ...,WANTON,₹360,"₹1,999"
238,NEW GENERATION YELLOW DIAL DIGITAL NEW DIGITAL LED SPOR...,SSA,₹315,₹999
239,LCS-96142 Day And Date Functioning High Quality Analog ...,Espoir,₹249,"₹1,795"
240,LS2948 Mesh Strap Day and Date Functioning Smiley Black...,LIMESTONE,₹244,"₹1,999"
241,NG38022PP03 Tees Analog Watch  - For Men & Women,Fastrack,₹674,₹795
242,NC7023YM01C Analog Watch  - For Men,SONATA,₹914,"₹1,075"
243,TW-02524 Teenager Luxurious Fashion Silicone Black Colo...,KNACK,₹180,₹499
244,Unique New Silicone Strap Arrow Needles Watch and King ...,Blue Pearl,₹279,₹999
245,TW0TG7300 Analog Watch  - For Men,TIMEX,₹529,"₹1,399"
246,L-63064LMGI Maxima Elite Analog Watch  - For Men,MAXIMA,₹499,"₹1,395"
247,NH8925YM02CJ Economy Analog Watch  - For Women,SONATA,₹764,₹899
248,02S01P00121 army chronograh pattern combo Stylish blue ...,SPINOZA,₹699,"₹3,999"
249,2038-BL Day and Date Analog Watch  - For Men,Fogg,₹314,"₹1,799"
250,BLACK BEUTY SMART SHINY LOOK Moonsoon Sale Analog Watch...,iDIVAS,₹301,"₹1,299"
251,ANLG-428 Analog Watch  - For Men,ANALOGUE,₹233,"₹1,499"
252,0830763 Pista Analog Watch  - For Men,SCUDERIA FERRARI,"₹4,779","₹11,950"
253,LS2804 All Black Mesh Strap Day and Date Functioning Qu...,LIMESTONE,₹271,"₹1,999"
254,WRG00012A Analog Watch  - For Men,Wrogn,"₹1,044","₹2,798"
255,DAY AND DATE DISPLAY Analog Watch  - For Men,HAMT WATCHES,₹509,"₹2,999"
256,Blue diamond studded attractive butterfly stylish women...,SPINOZA,₹195,₹399
257,FS5268I GRANT SPOR Analog Watch  - For Men,FOSSIL,"₹5,239","₹10,995"
258,TW0TG7301 Analog Watch  - For Men,TIMEX,₹624,"₹1,399"
259,BlueWayfarerCombo/ANLG-405 Blue Analog Watch  - For Boy...,ANALOGUE,₹296,"₹1,299"
260,PE000012A Analog Watch  - For Men,PETER ENGLAND,₹804,"₹1,695"
261,Magenet lock Magenet lock full Black steel body and Cut...,KNACK,₹240,₹799
262,Luxury Mesh Magnet Buckle Starry sky Quartz Watches For...,Niyati Nx,₹248,₹899
263,2058-BK Printed Black Day and Date Analog Watch  - For ...,Fogg,₹314,"₹2,299"
264,L-63062LMGI Maxima Elite Analog Watch  - For Men,MAXIMA,₹499,"₹1,395"
265,Stylish Full Gold Men And AKS Golden Diamond Women Coup...,Varni Retail,₹323,"₹2,299"
266,171SDTG TIMEWEAR Slim Series Analog Watch  - For Men,TIMEWEAR,₹359,"₹2,199"
267,Tiara Fashion Lifestyle Queen Analog watch for Girls An...,MIKADO,₹189,"₹1,699"
268,4049-BK Elegant Analog Watch  - For Men,Fogg,₹249,"₹1,499"
269,LS2734 Wolf Gents Exclusive Mesh Strap Analog Analog Wa...,LIMESTONE,₹194,"₹1,999"
270,2132-BK ION Gold Platted Chain Analog Watch  - For Men,Fogg,₹472,"₹2,199"
271,2503-SL Fogg Elite Series Gold Platted Premium Analog W...,Fogg,₹599,"₹2,999"
272,Day and Date Display-HM-GR094-GLD-GLD Analog Watch  - F...,HEMT,₹566,"₹2,999"
273,D&D-14 ANALOG DAY AND DATE DISPLAY WATCH FOR MEN & BOYS...,PIRASO,₹329,"₹1,599"
274,2051-BK Black Day and Date Analog Watch  - For Men,Fogg,₹322,"₹2,599"
275,CheckBlueRay0507 Day And Date Functioning Mens and Boys...,Espoir,₹289,"₹1,495"
276,JXRM2119 Black Day And Date Analog Watch  - For Men,Jaxer,₹299,"₹1,299"
277,TW0TG8201 Analog Watch  - For Men,TIMEX,₹489,"₹1,549"
278,WN03142 Blue and black new and attractive design steel ...,WANTON,₹360,"₹1,999"
279,4044-PK Modish Analog Watch  - For Women,Fogg,₹305,"₹1,399"
280,NK87019SP01 Analog Watch  - For Women,SONATA,₹899,₹899
281,2503-BLACK Analog Watch  - For Men,Fogg,₹449,"₹2,999"
282,BL-1012-311-SLVR-SLVR Shiny Silver Hands Latest Trendin...,Benling,₹759,"₹4,499"
283,TW-02524 Teenager Luxurious Fashion Silicone Black Colo...,KNACK,₹180,₹499
284,EX521 (EFV-600L-2AVUDF) Edifice Analog Watch  - For Men,CASIO,"₹4,594","₹9,995"
285,Chronograph Design Brown Strap White Dial Analog Watch ...,FOXTER,₹229,₹699
286,Gold Dial Watch - HM-GSQ214-GLD-GLD Analog Watch  - For...,HEMT,₹598,"₹2,999"
287,NF7007YM03 Analog Watch  - For Men,SONATA,"₹1,575","₹1,575"
288,New Latest Black Premium Designer True Lover's Choice B...,Zabby Allen,₹335,"₹1,299"
289,LS2804 All Black Mesh Strap Day and Date Functioning Qu...,LIMESTONE,₹271,"₹1,999"
290,38045PP03 Trendies Digital Watch  - For Men,Fastrack,"₹1,895","₹2,095"
291,HMTG-W9063 Original Golden Plated Day & Date Chain Watc...,hrnt,₹512,"₹2,299"
292,BOGR-5003-BRN Latest Trending Fashionable Faux Leather ...,Bowger,₹134,₹999
293,LS2734 Wolf Gents Exclusive Mesh Strap Analog Analog Wa...,LIMESTONE,₹194,"₹1,999"
294,NG1474SM01 Party Analog Watch  - For Men,Fastrack,"₹3,395","₹3,395"
295,1384 Black Chronograph Digital Sports Digital Watch  - ...,SKMEI,₹350,"₹1,999"
296,Men's Steel Chain RB02 Silver Blue New Stylis Men's All...,Daniel Jubile,₹227,"₹1,499"
297,LCS-8175 DAY & DATE FUNCTIONING Analog Watch  - For Men,LOIS CARON,₹296,"₹1,899"
298,USAT0155 Analog Watch  - For Men,U.S. POLO ASSN.,"₹2,329","₹6,999"
299,D&D-14 ANALOG DAY AND DATE DISPLAY WATCH FOR MEN & BOYS...,PIRASO,₹329,"₹1,599"
300,HM-GR350-GLD-GLD Analog Watch  - For Men,HEMT,₹512,"₹2,299"
301,NH7920PP13CJ Analog Watch  - For Men,SONATA,₹542,₹542
302,6204SL03 Analog Watch  - For Women,Fastrack,"₹1,114","₹1,795"
303,4049-BK Elegant Analog Watch  - For Men,Fogg,₹249,"₹1,499"
304,Set Of Two Combo Latest Combo of 2 Brown & Blue Belt An...,FOXTER,₹249,₹999
305,AX-GR153-SLC Silver color dial day & date working Analo...,Aurex,₹354,"₹1,899"
306,3166KL02 All Nighters Analog Watch  - For Men,Fastrack,"₹1,966","₹3,450"
307,38025PP01 Analog Watch  - For Men,Fastrack,₹850,₹850
308,Abx1017-Gents Green Solitary Affrican Army Pattern Chro...,ABREXO,₹497,"₹2,599"
309,LCS-96142 Day And Date Functioning High Quality Analog ...,Espoir,₹249,"₹1,795"
310,175BDCCSTG-1 TIMEWEAR Slim Series Analog Watch  - For M...,TIMEWEAR,₹420,"₹2,199"
311,9915PP56 Minimalists Analog Watch  - For Men & Women,Fastrack,₹950,₹950
312,LS2914 Day and Date Functioning Blue Avatar Leather Str...,LIMESTONE,₹314,"₹2,999"
313,4044-PK Modish Analog Watch  - For Women,Fogg,₹305,"₹1,399"
314,ES5832 Day And Date Functional With Quality Analog Watc...,Espoir,₹284,"₹1,995"
315,NH7987YL01CJ Analog Watch  - For Men,SONATA,₹625,₹625
316,2108-GL-BK New Golden Platted Day & Date Analog Watch  ...,Fogg,₹539,"₹2,599"
317,1200-BL Blue Day and Date Analog Watch  - For Men,Fogg,₹305,"₹1,799"
318,Men's Steel Chain RB03 Silver Blue New Stylis Men's All...,Daniel Jubile,₹227,"₹1,499"
319,2051-BK Black Day and Date Analog Watch  - For Men,Fogg,₹322,"₹2,599"
320,"Fr-809,810 Black And Blue Strap Modish Look Analog Watc...",FOXTER,₹299,₹999
321,Gents Exclusive 3 Designer Combo (Casual+PartyWear+Form...,just like,₹349,"₹1,599"
322,Day and Date Mens Analog Watch-HM-GR1017-BLK-CH Analog ...,HEMT,₹580,"₹2,999"
323,1771SM01 Neo Analog Watch  - For Men,Titan,"₹1,699","₹3,095"
324,COMBO OF DIGITAL SAMURAI LED SPECIAL SUMMER COLLECTION ...,TRUE COLORS,₹301,₹499
325,new look digital watch for men and boys Digital Watch  ...,SKMEI,₹414,"₹1,999"
326,KJR_492 Pu Black Quartz Analog Watch  - For Boys,ALOGO,₹199,₹799
327,Boys and Men's Exclusive Men101 Black Analog Watch  - F...,Daniel Jubile,₹194,"₹1,449"
328,EH-167-BLACK Black Unique New Analog Watch  - For Men,EDDY HAGER,₹208,"₹1,699"
329,4049-BL Elegant Analog Watch  - For Men,Fogg,₹249,"₹1,799"
330,PE000014A Analog Watch  - For Men,PETER ENGLAND,₹729,"₹1,545"
331,77082SM01 Essentials Analog Watch  - For Men,SONATA,₹699,₹825
332,AM02A35 stainless steel chain shiny attractive blue sty...,WANTON,₹239,"₹1,499"
333,Nf7987YL02CJ Analog Watch  - For Men,SONATA,₹625,₹625
334,8085SM01C Analog Watch  - For Women,SONATA,₹999,₹999
335,WNT-GL11 Latest attractive Square black dail and Golden...,WANTON,₹312,₹499
336,77083SM01 Gents Essentials Analog Watch  - For Men,SONATA,"₹1,049","₹1,049"
337,LK-0106 New Designer Fancy Gear Analog Watch  - For Men,LOREM,₹299,₹999
338,EE-25 Analog Watch  - For Women,MIKADO,₹269,"₹1,799"
339,Combo of Two New Stylish & Attractive Collection For Gi...,Blue Pearl,₹261,₹999
340,LS2890 Day & Date Original Gold Plated Adjsutable Brace...,LIMESTONE,₹479,"₹4,099"
341,NK77031NM02 Analog Watch  - For Men,SONATA,"₹1,749","₹1,749"
342,K-7149 new bangle bracelet black shining mina studded s...,KNACK,₹230,₹699
343,Exclusive Choice Silver Diamond Studded Rose Gold Brace...,Daniel Jubile,₹217,"₹1,499"
344,Modern Corporate Analog Watch avio series Analog Watch ...,FORVI,₹273,"₹1,099"
345,VH000002D Analog Watch  - For Women,VAN HEUSEN,"₹1,549","₹3,575"
346,8096YM04C Analog Watch  - For Women,SONATA,₹869,"₹1,025"
347,Exclusive Choice Blue Diamond Studded Rose Gold Bracele...,Daniel Jubile,₹217,"₹1,499"
348,1283KHAKITW Timewear Military Series Analogue Digital B...,TIMEWEAR,₹659,"₹3,499"
349,Original DUSK 1142 BK DUSK Digital Watch  - For Men,SKMEI,₹399,"₹1,999"
350,WRG00024B Analog Watch  - For Men,Wrogn,"₹1,069","₹2,598"
351,USAT0156 Analog Watch  - For Men,U.S. POLO ASSN.,"₹2,150","₹6,999"
352,Watch001 Casual Analog Watch  - For Men,TIMER,₹267,"₹1,299"
353,SP~58897 turntable black and white stainless steel stra...,SPINOZA,₹227,"₹1,499"
354,NF7924NM01C Analog Watch  - For Men,SONATA,"₹1,599","₹1,625"
355,WRG00026A Analog Watch  - For Men,Wrogn,₹659,"₹1,998"
356,4054-PK Pink Day and Date Analog Watch  - For Men,Fogg,₹279,"₹1,799"
357,8172SL02 Analog Watch  - For Women,SONATA,₹554,₹874
358,Stylish black Magnet Buckle Quartz Watches For girls An...,SANGANI,₹207,₹999
359,3121SM01 Analog Watch  - For Men,Fastrack,"₹1,650","₹1,750"
360,L-62714LMLI Elite Analog Watch  - For Women,MAXIMA,₹499,"₹1,395"
361,NF7924NM01C Analog Watch  - For Men,SONATA,"₹1,599","₹1,625"
362,WRG00026A Analog Watch  - For Men,Wrogn,₹659,"₹1,998"
363,TW-02524 Teenager Luxurious Fashion Silicone Black Colo...,KNACK,₹180,₹499
364,4054-PK Pink Day and Date Analog Watch  - For Men,Fogg,₹279,"₹1,799"
365,8172SL02 Analog Watch  - For Women,SONATA,₹554,₹874
366,Stylish black Magnet Buckle Quartz Watches For girls An...,SANGANI,₹207,₹999
367,LS2910 Mesh Strap Day and Date Functions All Black Quar...,LIMESTONE,₹305,"₹1,999"
368,L-63071LMGI Maxima Elite Analog Watch  - For Men,MAXIMA,₹499,"₹1,395"
369,BlueWayfarerCombo/ANLG-405 Blue Analog Watch  - For Boy...,ANALOGUE,₹296,"₹1,299"
370,B-L1002-PK-CH Pink Dial Wrist Watch Water Resistant Sil...,Buccachi,₹323,"₹1,699"
371,28020CMLI Swarovski Analog Watch  - For Women,MAXIMA,₹519,₹999
372,VH000011E Analog Watch  - For Women,VAN HEUSEN,"₹1,039","₹2,225"
373,LS2734 Wolf Gents Exclusive Mesh Strap Analog Analog Wa...,LIMESTONE,₹194,"₹1,999"
374,2266-BL Blue Dial Silver Bracelet Date Functioning Watc...,ABREXO,₹322,"₹1,699"
375,New Stylish Green Army Belt Funky Leather Strap Men & W...,Rage Enterprise,₹195,₹599
376,LR01-LR02-LR05 New latest Designer Combo of 3 Analog Wa...,BRAIN,₹303,"₹1,299"
377,NH7987SL02J Analog Watch  - For Men,SONATA,₹625,₹625
378,1200-BL Blue Day and Date Analog Watch  - For Men,Fogg,₹305,"₹1,799"
379,2058-BK Printed Black Day and Date Analog Watch  - For ...,Fogg,₹314,"₹2,299"
380,118-Girls Stylish Analog Analog Watch  - For Girls,Rizzly,₹199,"₹1,499"
381,38048PP01 Trendies Analog Watch  - For Men,Fastrack,"₹1,864","₹2,195"
382,WNT-GL11 Latest attractive Square black dail and Golden...,WANTON,₹312,₹499
383,LCS-96142 Day And Date Functioning High Quality Analog ...,Espoir,₹249,"₹1,795"
384,K-7149 new bangle bracelet black shining mina studded s...,KNACK,₹230,₹699
385,Combo of Two New Stylish & Attractive Collection For Gi...,Blue Pearl,₹261,₹999
386,LS2890 Day & Date Original Gold Plated Adjsutable Brace...,LIMESTONE,₹479,"₹4,099"
387,LK-0106 New Designer Fancy Gear Analog Watch  - For Men,LOREM,₹299,₹999
388,EE-25 Analog Watch  - For Women,MIKADO,₹269,"₹1,799"
389,4049-BK Elegant Analog Watch  - For Men,Fogg,₹249,"₹1,499"
390,77083SM01 Gents Essentials Analog Watch  - For Men,SONATA,"₹1,049","₹1,049"
391,NK77031NM02 Analog Watch  - For Men,SONATA,"₹1,749","₹1,749"
392,8096YM04C Analog Watch  - For Women,SONATA,₹869,"₹1,025"
393,1195-WH White Unique Analog Watch  - For Men,Fogg,₹251,"₹1,599"
394,Modern Corporate Analog Watch avio series Analog Watch ...,FORVI,₹273,"₹1,099"
395,HM-GR350-GLD-GLD Analog Watch  - For Men,HEMT,₹512,"₹2,299"
396,VH000002D Analog Watch  - For Women,VAN HEUSEN,"₹1,549","₹3,575"
397,K-7147 new bangle bracelet white shining mina studded s...,KNACK,₹230,₹699
398,36592CMGI Analog Watch  - For Men,MAXIMA,₹704,₹925
399,4044-PK Modish Analog Watch  - For Women,Fogg,₹305,"₹1,399"
400,Stylish Popular Trendy Design Water-Resistant Chronogra...,V2A,₹649,"₹1,499"
401,1283 ORANGE TIMEWEAR Commando Series Silicone Strap Spo...,TIMEWEAR,₹842,"₹3,499"
402,Combo of 2 White and Black Dial For Girls Analog Watch ...,Blue Pearl,₹399,"₹1,999"
403,2038-BL Day and Date Analog Watch  - For Men,Fogg,₹314,"₹1,799"
404,A551 Enticer Men's ( MTP-1314D-2AVDF ) Analog Watch  - ...,CASIO,"₹2,395","₹2,395"
405,3166KL01 All Nighters Analog Watch  - For Men,Fastrack,"₹1,864","₹3,250"
406,Exclusive Choice Silver Diamond Studded Silver New Anal...,Daniel Jubile,₹217,"₹1,499"
407,SP~58897 turntable black and white stainless steel stra...,SPINOZA,₹227,"₹1,499"
408,Magnet Strap Girls Women 12 Diamond New Rishtey Blue 21...,Daniel Jubile,₹281,"₹1,499"
409,LS2734 Wolf Gents Exclusive Mesh Strap Analog Analog Wa...,LIMESTONE,₹194,"₹1,999"
410,Designer Multi Colorful Dial Leathers Strap (Casual+Par...,just like,₹349,"₹1,599"
411,VH000010B Analog Watch  - For Women,VAN HEUSEN,"₹1,079","₹2,225"
412,AS000011C Analog Watch  - For Men,allen solly,₹979,"₹1,798"
413,LCS-96142 Day And Date Functioning High Quality Analog ...,Espoir,₹249,"₹1,795"
414,68007PP03 Trendies Analog Watch  - For Women,Fastrack,"₹1,149","₹1,695"
415,87020SL03 Essentials Analog Watch  - For Women,SONATA,₹594,₹699
416,2598SM01 Analog Watch  - For Women,Titan,"₹1,439","₹1,695"
417,LCS-8015 DAY AND DATE FUNCTIONING Analog Watch  - For M...,LOIS CARON,₹314,"₹2,499"
418,1228-GD GOLD Dial Gold Bracelet Date Functioning Watch ...,ABREXO,₹303,"₹1,799"
419,1195-WH White Unique Analog Watch  - For Men,Fogg,₹251,"₹1,599"
420,Genuine Leather Belt Best In Market Blue Slim Dial Wome...,Loretta,₹249,₹999
421,L-62712LMLI Elite Analog Watch  - For Women,MAXIMA,₹499,"₹1,395"
422,USAT0157 Analog Watch  - For Men,U.S. POLO ASSN.,"₹2,259","₹6,999"
423,D&D C19 BLACK Latest Designer Black Color Watch With Da...,PIRASO,₹323,"₹1,599"
424,New Lord Shiva 114_B_OM Analog Watch  - For Boys,JRM,₹294,₹699
425,Abx3026-BL Blue Dial Silver Bracelet Unique New Watch F...,ABREXO,₹239,"₹1,499"
426,TW00ZR295E Classics Analog Watch  - For Men,TIMEX,₹709,"₹1,395"
427,K021 Flower design on dial and strap unique watch for w...,WANTON,₹198,₹599
428,Pack of 6 Multi Attractive Color Analog Watch  - For Bo...,FOXTER,₹569,"₹3,099"
429,4049-BK Elegant Analog Watch  - For Men,Fogg,₹249,"₹1,499"
430,Red Mesh Magnetic Belt 2021 Black Dial Quartz Luxurious...,Shunya,₹235,"₹1,499"
431,Exclusive Choice Silver Diamond Studded Rose Gold Brace...,Daniel Jubile,₹217,"₹1,499"
432,9915PP59 Minimalists Analog Watch  - For Men & Women,Fastrack,₹950,₹950
433,Day and Date Display-HM-GR094-GLD-GLD Analog Watch  - F...,HEMT,₹566,"₹2,999"
434,Fresh New Arrival Latest Men watch Watches men Ghadi ge...,godmen,₹199,₹899
435,BL-1013-DTL-BLK Shiny Hands Latest Trending Fashionable...,Benling,₹379,"₹1,800"
436,38044PP03 Trendies Analog Watch  - For Men,Fastrack,"₹1,579","₹2,195"
437,NG1474SM02 Party Analog Watch  - For Men,Fastrack,"₹2,884","₹3,495"
438,Festive Way Farer Combo (Casual+PartyWear+Formal) Desig...,Rizzly,₹445,"₹1,999"
439,LS2821 Bleed Blue Day and Date Functioning Strap Adult ...,LIMESTONE,₹296,"₹1,999"
440,New Stylish & Attractive Full Black Trendy Combo Of 2 S...,Blue Pearl,₹359,"₹1,999"
441,K-7148 new bangle bracelet black shining mina studded s...,KNACK,₹230,₹699
442,VH000010A Analog Watch  - For Women,VAN HEUSEN,"₹1,079","₹2,225"
443,LS2804 All Black Mesh Strap Day and Date Functioning Qu...,LIMESTONE,₹271,"₹1,999"
444,GOLDEN DIAL DAY AND DATE DISPLAY-HM-GSQ005 Analog Watch...,HEMT,₹539,"₹2,999"
445,Unique New Watch - For Men Analog Watch  - For Women,Shunya,₹256,₹999
446,Stylish Popular Trendy Design Water-Resistant Chronogra...,V2A,₹649,"₹1,499"
447,Pack Of 5 Primery Alternative Colour Young Star Modern ...,FOXTER,₹599,"₹2,199"
448,01611PPLW Analog Watch  - For Women,MAXIMA,₹375,₹499
449,LS2734 Wolf Gents Exclusive Mesh Strap Analog Analog Wa...,LIMESTONE,₹194,"₹1,999"
450,118-Girls Stylish Analog Analog Watch  - For Girls,Rizzly,₹199,"₹1,499"
451,LS2812 Day & Date Original Gold Plated Quartz Analog Wa...,LIMESTONE,₹473,"₹4,099"
452,LS2855 Day and Date Functioning Blue Dial Metal Strap Q...,LIMESTONE,₹314,"₹1,899"
453,D&D-14 ANALOG DAY AND DATE DISPLAY WATCH FOR MEN & BOYS...,PIRASO,₹329,"₹1,599"
454,8141SM12 Silver Lining Analog Watch  - For Women,SONATA,"₹1,499","₹1,499"
455,TD-4502Sm02 Signature black dial black metal strap anal...,BRATON,₹265,"₹1,999"
456,Big Dial Camo-Green Outdoor Sport Shockproof Led Analog...,V2A,"₹1,050","₹2,999"
457,New Style Rose Gold And Copper Star Diamond Analog Wris...,just like,₹329,"₹1,499"
458,A208 Enticer Men's ( MTP-1240D-7BDF ) Analog Watch  - F...,CASIO,"₹1,354","₹2,595"
459,1195-WH White Unique Analog Watch  - For Men,Fogg,₹251,"₹1,599"
460,NH7999SM01AC Analog Watch  - For Men,SONATA,"₹1,294","₹1,525"
461,MT-GR910-GYC Elegant Grey Dial Round Shape Day & Date F...,METRONAUT,₹379,"₹1,899"
462,WRG00012B Analog Watch  - For Men,Wrogn,"₹1,049","₹2,798"
463,4049-BK Elegant Analog Watch  - For Men,Fogg,₹249,"₹1,499"
464,1BL168BL Special Combo Set of Attractive MATTE Black Wa...,CASADO,₹296,"₹1,199"
465,AX-GR173-RDB Black Ion Plated Round Shaped Black Dial B...,Aurex,₹689,"₹2,499"
466,EXCLUSIVE DESIGN BUTTERFLY WATCH COMBO Analog Watch  - ...,MIKADO,₹199,"₹1,999"
467,New Stylish Attractive Combo Analog Watch  - For Men,Rizzly,₹270,"₹1,499"
468,3240SM02 Analog Watch  - For Men,Fastrack,"₹1,774","₹2,195"
469,D&D C19 BLACK Latest Designer Black Color Watch With Da...,PIRASO,₹323,"₹1,599"
470,A300 Classic Analog Watch  - For Men,TIMEX,₹519,₹825
471,LS2915 Mesh Strap Day and Date Functioning Brown Avatar...,LIMESTONE,₹314,"₹2,999"
472,LCS-1456 Day And Date Functioning High Quality Analog W...,Espoir,₹299,"₹2,495"
473,4044-PK Modish Analog Watch  - For Women,Fogg,₹305,"₹1,399"
474,Abx1457WHT Gents Exclusive Royal Signature White Dial S...,ABREXO,₹271,"₹2,799"
475,New Crystal Diamond Cut Glass Black Analog Watch Combo-...,Shunya,₹419,"₹1,299"
476,Cute Love Style Gold Plated Watches for Girls Birthday ...,Skylofts,₹349,"₹1,499"
477,VH000004E Analog Watch  - For Women,VAN HEUSEN,"₹1,109","₹2,725"
478,Stylish Trendy Party-Wear Business Casual Non-Functiona...,Longbo,₹749,"₹1,999"
479,2051-BK Black Day and Date Analog Watch  - For Men,Fogg,₹322,"₹2,599"
480,NH7949PP04J Digital Watch  - For Men,SONATA,"₹1,104","₹1,299"
481,CSD-310-BLK-GREY Premium Black Gun Metal Grey Metallic ...,CASADO,₹449,"₹2,499"
482,38051SL03 Bold Fonts Analog Watch  - For Men,Fastrack,"₹1,695","₹1,750"
483,LS2804 All Black Mesh Strap Day and Date Functioning Qu...,LIMESTONE,₹271,"₹1,999"
484,TW00MF100 MF 13 Expedition Analog-Digital Watch  - For ...,TIMEX,"₹1,719","₹4,495"
485,NG6109SL02C Analog Watch  - For Women,Fastrack,"₹2,350","₹2,350"
486,A206 Enticer Men's ( MTP-1240D-1ADF ) Analog Watch  - F...,CASIO,"₹1,489","₹2,595"
487,46-Shined Black Casual Designer For Boys And Men Analog...,Rizzly,₹219,"₹1,299"
488,Gmarks -1384 Khaki Sports Digital Watch  - For Men,SKMEI,₹344,"₹2,106"
489,LS2734 Wolf Gents Exclusive Mesh Strap Analog Analog Wa...,LIMESTONE,₹194,"₹1,999"
490,Big Dial Black Outdoor Sport Shockproof Led Analogue An...,V2A,₹990,"₹2,499"
491,TP501-Grey Waterproof Digital Watch  - For Boys,Loretta,₹315,₹999
492,Fashionable Queens Multicolor Analog watches combo Anal...,MIKADO,₹284,"₹2,499"
493,1195-WH White Unique Analog Watch  - For Men,Fogg,₹251,"₹1,599"
494,BRW385-BRWN Day and Date Boy's & Man's Stylish Analog W...,RUSTET,₹299,"₹2,399"
495,BlueWayfarerCombo/ANLG-405 Blue Analog Watch  - For Boy...,ANALOGUE,₹296,"₹1,299"
496,Avengers Sports Black PU Analog Watch  - For Boys,RIXOS,₹189,₹799
497,L-63069LMGI Maxima Elite Analog Watch  - For Men,MAXIMA,₹499,"₹1,395"
498,SS-GSQ9212-BLK-GLD Analog Watch  - For Men,Swisstyle,₹594,"₹2,499"
499,D&D C19 BLACK Latest Designer Black Color Watch With Da...,PIRASO,₹323,"₹1,599"
500,LCS-8164 DAY & DATE FUNCTIONING Analog Watch  - For Men,LOIS CARON,₹296,"₹1,899"
501,Black7518 Armani Exchange Men's AX2609 Grey Silicone Wa...,A/X ARMANI EXCHANGE,"₹5,029","₹9,995"
502,ANLG-406 Analog Watch  - For Men,ANALOGUE,₹279,"₹1,499"
503,4049-BK Elegant Analog Watch  - For Men,Fogg,₹249,"₹1,499"
504,Abx1017-Gents Red Solitary Camouflage Pattern NEW GENER...,hala,₹274,₹999
505,USWAT0019 Analog Watch  - For Men,U.S. POLO ASSN.,"₹2,139","₹7,399"
506,253WDTG TIMEWEAR Analog Series Analog Watch  - For Men,TIMEWEAR,₹239,₹799
507,LS2700 Free Size ~ Day and date functioning ~Metal stra...,LIMESTONE,₹314,"₹1,999"
508,Pink Alice Watch comb Set for Women Analog Watch  - For...,MIKADO,₹305,"₹2,299"
509,4044-PK Modish Analog Watch  - For Women,Fogg,₹305,"₹1,399"
510,BANGLE_1094 NEW ARRIVAL PACK OF 3 WATCH FOR GIRLS Analo...,KAJARU,₹341,"₹1,399"
511,109ESPOIRBLACK CHRONOGRAPH NOT WORKING Analog Watch  - ...,Espoir,₹499,"₹2,495"
512,Black Avenger With King Combo Of One Exclusive Watch Wi...,Happy Khajana,₹299,₹499
513,ANLG-428 Analog Watch  - For Men,ANALOGUE,₹233,"₹1,499"
514,L-62711LMLI Elite Analog Watch  - For Women,MAXIMA,₹499,"₹1,395"
515,UNIQUE SQUARE DIAL BLACK & WHITE UNIQUE SQUARE DIAL SIL...,FASHION POOL,₹248,₹999
516,Black Dial Stainless Steel Chrome Plated Analog Watch  ...,iDIVAS,₹285,"₹1,799"
517,2501-BLACK DAY AND DATE BLACK CHAIN Analog Watch  - For...,ARMADO,₹312,"₹1,799"
518,Combo Of SS-250CPR-250SLV Analog Watch  - For Women,Swisstyle,₹374,"₹2,999"
519,LS2821 Bleed Blue Day and Date Functioning Strap Adult ...,LIMESTONE,₹296,"₹1,999"
520,Combo Of SS-250CPR-250SLV Analog Watch  - For Women,Swisstyle,₹374,"₹2,999"
521,BANGLE_1094 NEW ARRIVAL PACK OF 3 WATCH FOR GIRLS Analo...,KAJARU,₹341,"₹1,399"
522,L-62711LMLI Elite Analog Watch  - For Women,MAXIMA,₹499,"₹1,395"
523,TW-02524 Teenager Luxurious Fashion Silicone Black Colo...,KNACK,₹180,₹499
524,Black Avenger With King Combo Of One Exclusive Watch Wi...,Happy Khajana,₹299,₹499
525,UNIQUE SQUARE DIAL BLACK & WHITE UNIQUE SQUARE DIAL SIL...,FASHION POOL,₹248,₹999
526,109ESPOIRBLACK CHRONOGRAPH NOT WORKING Analog Watch  - ...,Espoir,₹499,"₹2,495"
527,Black Dial Stainless Steel Chrome Plated Analog Watch  ...,iDIVAS,₹285,"₹1,799"
528,2501-BLACK DAY AND DATE BLACK CHAIN Analog Watch  - For...,ARMADO,₹312,"₹1,799"
529,BlueWayfarerCombo/ANLG-405 Blue Analog Watch  - For Boy...,ANALOGUE,₹296,"₹1,299"
530,SZ1117BLK Analog-Digital Watch  - For Men,SKMEI,₹493,"₹1,499"
531,CSD-310-BLK-GREY Premium Black Gun Metal Grey Metallic ...,CASADO,₹449,"₹2,499"
532,38051SL03 Bold Fonts Analog Watch  - For Men,Fastrack,"₹1,695","₹1,750"
533,LS2734 Wolf Gents Exclusive Mesh Strap Analog Analog Wa...,LIMESTONE,₹194,"₹1,999"
534,TW00MF100 MF 13 Expedition Analog-Digital Watch  - For ...,TIMEX,"₹1,719","₹4,495"
535,NH7949PP04J Digital Watch  - For Men,SONATA,"₹1,104","₹1,299"
536,NH8976YL01CJ Analog Watch  - For Women,SONATA,₹599,₹599
537,AMN_452 LEATHER NEW ARRIVAL ROUND DIAL ANALOG QUARTZ WA...,AMINO,₹189,₹799
538,232BDTG TIMEWEAR Analog Watch Collection for Men Analog...,TIMEWEAR,₹229,₹799
539,D&D-14 ANALOG DAY AND DATE DISPLAY WATCH FOR MEN & BOYS...,PIRASO,₹329,"₹1,599"
540,WT0127 Black luxury style mesh arrow style hands with a...,WANTON,₹239,₹999
541,9915PP53 Minimalists Analog Watch  - For Men & Women,Fastrack,₹950,₹950
542,Men's Steel Chain RB03 Silver Black New Stylis Men's Al...,Daniel Jubile,₹227,"₹1,499"
543,4044-PK Modish Analog Watch  - For Women,Fogg,₹305,"₹1,399"
544,Unique New Arrival Arrow Rich Looking Analog Watch  - F...,Blue Pearl,₹249,₹999
545,MC 14C-A Analog Watch  - For Women,Marie Claire,₹879,"₹2,799"
546,LS2804 All Black Mesh Black STRAP DAY & DATE FUNCTIONIN...,Piaoma,₹211,"₹1,495"
547,218BLBL Just SMILE :) Series for Men/Boy's Analog Watch...,CASADO,₹233,"₹1,499"
548,JC439 Multi Color Dial Analog Analog Watch  - For Coupl...,Jainx,₹379,"₹2,299"
549,2051-BK Black Day and Date Analog Watch  - For Men,Fogg,₹322,"₹2,599"
550,2598SM05 Ladies Karishma Analog Watch  - For Women,Titan,"₹1,454","₹1,995"
551,M7-1811-BLUE-WHITE Chronograph Powered by Flipkart Spec...,M7 By Metronaut,₹447,"₹2,999"
552,Boys and Men's Exclusive Men101 Blue Analog Watch  - Fo...,Daniel Jubile,₹194,"₹1,499"
553,1195-WH White Unique Analog Watch  - For Men,Fogg,₹251,"₹1,599"
554,New Designer Full Gold Metal Strap Gold Dial Boys Watch...,Varni Fashion,₹254,"₹1,399"
555,Red Heart Unique Women Watch Combo Analog Watch  - For ...,MIKADO,₹287,"₹1,999"
556,96127-New Stylish Beloved Couple Watches for Men and Wo...,CAMERON,₹276,₹999
557,1771SL02 Neo Analog Watch  - For Men,Titan,"₹1,974","₹2,795"
558,CH2599 Decker Analog Watch  - For Men,FOSSIL,"₹4,009","₹8,995"
559,4049-BK Elegant Analog Watch  - For Men,Fogg,₹249,"₹1,499"
560,JW665 Blue Dial Mesh Band Analog Watch  - For Women,Jainx,₹299,"₹1,299"
561,5075-BL Blue date & Date Analog Watch  - For Couple,Fogg,₹559,"₹3,199"
562,red diamond studded attractive butterfly stylish women ...,SPINOZA,₹195,₹399
563,TW-02524 Teenager Luxurious Fashion Silicone Black Colo...,KNACK,₹180,₹499
564,NJ8943SM01C Analog Watch  - For Women,SONATA,"₹1,104","₹1,299"
565,PE000015B Analog Watch  - For Men,PETER ENGLAND,"₹1,119","₹2,745"
566,New Latest Metal Analog Black Dial Men's and Women's Wa...,Zabby Allen,₹399,"₹1,188"
567,Combo Of Three Stylish Leather Strap Fashionable Analog...,Septem,₹328,"₹1,699"
568,TW00ZR292E Classics Analog Watch  - For Men,TIMEX,₹719,"₹1,395"
569,2038-BL Day and Date Analog Watch  - For Men,Fogg,₹314,"₹1,799"
570,Magnet Strap Girls Women 12 Diamond Rishtey Black 21st ...,Daniel Jubile,₹284,"₹1,499"
571,new stylish women red multicolor watches SET OF 3 Analo...,RPS FASHION,₹319,₹999
572,4083-PK-SL Analog Watch  - For Women,Fogg,₹359,"₹2,199"
573,LS2804 All Black Mesh Strap Day and Date Functioning Qu...,LIMESTONE,₹271,"₹1,999"
574,Combo Of 3 Men102 Black Brown Blue New Stylis Men's All...,Daniel Jubile,₹379,"₹1,499"
575,29252CMGY Analog Watch  - For Men,MAXIMA,₹569,₹799
576,6204SL02 Basics Analog Watch  - For Women,Fastrack,"₹1,214","₹1,750"
577,O-44570CMLT Analog Watch  - For Women,MAXIMA,₹679,"₹2,175"
578,Luxury Mesh Magnet Buckle Starry sky Quartz Watches For...,Niyati Nx,₹339,₹899
579,LS2734 Wolf Gents Exclusive Mesh Strap Analog Analog Wa...,LIMESTONE,₹194,"₹1,999"
580,AD207 Youth Combination ( AEQ-110W-1AVDF ) Analog-Digit...,CASIO,"₹2,800","₹3,295"
581,NE9332PP02 Basics Analog Watch  - For Men,Fastrack,"₹1,489","₹1,750"
582,Stunning Gold Analog Watch  - For Couple,Varni Retail,₹323,"₹2,299"
583,2058-BK Printed Black Day and Date Analog Watch  - For ...,Fogg,₹314,"₹2,299"
584,DK10927-3 Analog Watch  - For Men,DANIEL KLEIN,"₹3,759","₹6,350"
585,ED377 Edifice ( EF-328SG-1AVDF ) Analog Watch  - For Me...,CASIO,"₹7,995","₹7,995"
586,pink butterfly stylish vintage butterfly vintage rope b...,SPINOZA,₹198,₹299
587,"B-G5051-BL-CH BLUE DIAL DAY & DATE FUNCTIONING FOR BOY,...",Buccachi,₹322,"₹1,899"
588,Blue And Brown Combo Analog Watch Analog Watch  - For M...,Royatto,₹299,"₹1,499"
589,D&D-14 ANALOG DAY AND DATE DISPLAY WATCH FOR MEN & BOYS...,PIRASO,₹329,"₹1,599"
590,New Pink Stylish Diamond Studded Butterfly Women Watch ...,ReniSales,₹195,₹699
591,silver Ladies skyblue Crystal Diamond Watch Women Casua...,WANTON,₹208,₹699
592,O-56380CMLI Analog Watch  - For Women,MAXIMA,₹609,"₹1,749"
593,1195-WH White Unique Analog Watch  - For Men,Fogg,₹251,"₹1,599"
594,F-TM519 Silver Dial Multi-functional Automatic Syntheti...,Timor,₹296,"₹1,799"
595,New Combo Symbol of Love Analog Watch - For Couple Anal...,Lizzy,₹356,"₹1,499"
596,NEW STYLISH BLACK DIAL-CR226- BLACK LEATHER STRAP COMBO...,CRAB,₹379,₹999
597,MT-GR910-BLC Elegant Blue Dial Round Shape Day & Date F...,METRONAUT,₹360,"₹1,899"
598,LCS-8405 ORIGINAL GOLD PLATED DAY & DATE FUNCTIONING WA...,LOIS CARON,₹449,"₹2,999"
599,D&D C19 BLACK Latest Designer Black Color Watch With Da...,PIRASO,₹323,"₹1,599"
600,6204SL02 Basics Analog Watch  - For Women,Fastrack,"₹1,214","₹1,750"
601,Luxury Mesh Magnet Buckle Starry sky Quartz Watches For...,Niyati Nx,₹339,₹899
602,NG3123SM01 Upgrades Analog Watch  - For Men,Fastrack,"₹1,529","₹1,795"
603,LS2804 All Black Mesh Strap Day and Date Functioning Qu...,LIMESTONE,₹271,"₹1,999"
604,L-63061LMGI Maxima Elite Analog Watch  - For Men,MAXIMA,₹499,"₹1,395"
605,6152SL02 Analog Watch  - For Women,Fastrack,"₹1,184","₹1,395"
606,3121SM02 Analog Watch  - For Men,Fastrack,"₹1,750","₹1,750"
607,Stylish Cronograph Pattern Brown & Blue Leather Strap A...,TRUE COLORS,₹275,"₹1,299"
608,3240SL01 Analog Watch  - For Men,Fastrack,"₹1,694","₹2,095"
609,LS2734 Wolf Gents Exclusive Mesh Strap Analog Analog Wa...,LIMESTONE,₹194,"₹1,999"
610,38743LMGI Analog Watch  - For Men,MAXIMA,₹799,"₹1,099"
611,G975 G-Shock ( GA-140-1A1DR ) Analog-Digital Watch  - F...,CASIO,"₹6,199","₹7,495"
612,38035SL04 Analog-Digital Watch  - For Men,Fastrack,"₹4,195","₹4,195"
613,2058-BK Printed Black Day and Date Analog Watch  - For ...,Fogg,₹314,"₹2,299"
614,DK11404-4 Analog Watch  - For Women,DANIEL KLEIN,"₹1,359","₹4,250"
615,Combo Of Three Stylish Leather Strap Fashionable Analog...,Septem,₹328,"₹1,699"
616,TW00ZR292E Classics Analog Watch  - For Men,TIMEX,₹719,"₹1,395"
617,8085SM02 Pankh Analog Watch  - For Women,SONATA,₹999,₹999
618,5083-BK Black Elegant Day and Date Analog Watch  - For ...,Fogg,₹629,"₹3,199"
619,LS2838 Mesh Strap Day and Date Functioning All Blue Qua...,LIMESTONE,₹314,"₹1,899"
620,Magnet Strap Girls Women 12 Diamond Rishtey Purple 21st...,Daniel Jubile,₹279,"₹1,499"
621,Abx1220-GL Gold Platted Dial Gold Bracelet Day & Date F...,ABREXO,₹369,"₹1,799"
622,Stylish CHRONOGRAPH NOT WORKING Analog Watch  - For Men,Espoir,₹236,₹899
623,4049-BK Elegant Analog Watch  - For Men,Fogg,₹249,"₹1,499"
624,38024PP34 Tees As F**k Analog Watch  - For Men,Fastrack,₹850,₹850
625,NE3015AL01 Essentials Analog Watch  - For Men,Fastrack,"₹1,439","₹1,695"
626,NG3117SL04C Analog Watch  - For Men,Fastrack,"₹1,404","₹1,650"
627,38037PP05 Elementary Tees Analog Watch  - For Women,Fastrack,₹850,₹850
628,Abx8094-BK Black Dial Black Strap Date Functioning Watc...,ABREXO,₹239,"₹1,799"
629,2051-BK Black Day and Date Analog Watch  - For Men,Fogg,₹322,"₹2,599"
630,SH-64 New Latest Design Unique Arrow Silicon Strap Anal...,BRAIN,₹213,₹699
631,Exclusive New Best Designer Combo of 2 Watch For Men & ...,Blue Pearl,₹299,₹999
632,LS2804+1352 Mesh Strap Day and Date Functioning All Bla...,LIMESTONE,₹539,"₹3,499"
633,4044-PK Modish Analog Watch  - For Women,Fogg,₹305,"₹1,399"
634,AX-GSQ128-BKSG Original Black Dial Working Day & Date D...,Aurex,₹554,"₹3,199"
635,NG8080BM01C Wedding Analog Watch  - For Women,SONATA,"₹1,104","₹1,299"
636,Dori-069 Dori-089 NEW PINK LEATHER BRACELET WATCH FOR L...,KNACK,₹189,₹499
637,VH000001D Analog Watch  - For Women,VAN HEUSEN,₹909,"₹1,945"
638,Blue Alice New Analog watches combo Analog Watch  - For...,MIKADO,₹300,"₹2,699"
639,Day and Date Display-HM-GR094-GLD-GLD Analog Watch  - F...,HEMT,₹566,"₹2,999"
640,38303CMLI Analog Watch  - For Women,MAXIMA,₹809,"₹1,249"
641,NG6093SM01C Analog Watch  - For Women,Fastrack,"₹2,204","₹2,595"
642,8151SM03 Steel Daisies Analog Watch  - For Women,SONATA,"₹1,275","₹1,299"
643,LS2804 All Black Mesh Strap Day and Date Functioning Qu...,LIMESTONE,₹271,"₹1,999"
644,NG2298SM03C Basics Analog Watch  - For Women,Fastrack,"₹1,695","₹1,695"
645,NG3121SL02C Bare Basic Analog Watch  - For Men,Fastrack,"₹1,439","₹1,695"
646,2122-BK Analog Watch  - For Men,Fogg,₹269,"₹1,999"
647,1771SL03 Neo Analog Watch  - For Men,Titan,"₹1,593","₹2,795"
648,77083YM03 Gents Essentials Analog Watch  - For Men,SONATA,"₹1,325","₹1,325"
649,LS2734 Wolf Gents Exclusive Mesh Strap Analog Analog Wa...,LIMESTONE,₹194,"₹1,999"
650,NL77043PP02 SF Digital Watch  - For Men,SONATA,₹464,₹549
651,68007PP08 girls Trendies 2.0 Analog Watch  - For Women,Fastrack,"₹1,339","₹1,695"
652,6109SM02 Analog Watch  - For Women,Fastrack,"₹2,204","₹2,595"
653,D&D-14 ANALOG DAY AND DATE DISPLAY WATCH FOR MEN & BOYS...,PIRASO,₹329,"₹1,599"
654,5041-BLKBLK Grey and Black Dial Plastic Silicone Strap ...,Bowger,₹179,₹999
655,A834 Enticer Men's ( MTP-1374L-1AVDF ) Analog Watch  - ...,CASIO,"₹4,695","₹4,695"
656,Professional Rich Look (Casual+PartyWear+Formal) Design...,Rizzly,₹375,"₹2,499"
657,WRG00029C Analog Watch  - For Men,Wrogn,₹689,"₹1,998"
658,NG3039SP01C Essentials Analog Watch  - For Men,Fastrack,"₹1,495","₹1,550"
659,1195-WH White Unique Analog Watch  - For Men,Fogg,₹251,"₹1,599"
660,PE000013D Analog Watch  - For Men,PETER ENGLAND,₹804,"₹1,695"
661,TH1710373 Analog Watch  - For Men,TOMMY HILFIGER,"₹5,479","₹10,250"
662,NG8992PP03J Analog Watch  - For Women,SONATA,₹539,₹539
663,2058-WH Printed White Day and Date Analog Watch  - For ...,Fogg,₹314,"₹2,299"
664,77085PL02 Volt+ Analog Watch  - For Men,SONATA,₹849,₹849
665,NF7924NL01C Analog Watch  - For Men,SONATA,"₹1,084","₹1,275"
666,2593SM01 Karishma Revive Analog Watch  - For Women,Titan,"₹1,354","₹1,595"
667,King-Queen Leather Couple Watch Designer Analog Watch  ...,Septem,₹284,"₹1,499"
668,Abx202-BK BLACK Analog Watch  - For Men,ABREXO,₹199,"₹1,299"
669,D&D C19 BLACK Latest Designer Black Color Watch With Da...,PIRASO,₹323,"₹1,599"
670,blue exclusive diamond studded prisiouse collaction lov...,WANTON,₹239,₹499
671,rakhi collation butterfly brown leather belt attractive...,KNACK,₹199,₹499
672,NG8073YM01C Sona Sitara Analog Watch  - For Women,SONATA,"₹1,675","₹1,675"
673,4044-PK Modish Analog Watch  - For Women,Fogg,₹305,"₹1,399"
674,NH1636SM01 Karishma Analog Watch  - For Men,Titan,"₹2,180","₹2,295"
675,3240SM01 Analog Watch  - For Men,Fastrack,"₹1,819","₹2,195"
676,AX-GSQ152-BKC Elegant Black Dial Square Shaped Day & Da...,Aurex,₹336,"₹1,899"
677,1149-BL Day and Date Analog Watch  - For Men,Fogg,₹296,"₹2,599"
678,HM-GR095-GLD-SLV Analog Watch  - For Men,HEMT,₹563,"₹2,499"
679,TP501-Grey Waterproof Digital Watch  - For Boys,Loretta,₹315,₹999
680,New Laxurius Looking 2020 Magnet Buckle Starry sky Quar...,Shunya,₹689,"₹1,599"
681,625 Analog watch for Girls And Women Analog Watch  - Fo...,MIKADO,₹359,"₹2,499"
682,JM1128 Golden Premium Analog Watch  - For Men,Jainx,₹509,"₹2,999"
683,LS2804 All Black Mesh Strap Day and Date Functioning Qu...,LIMESTONE,₹271,"₹1,999"
684,Combo of 2 New Professional Look Black & Peach Men & Wo...,Blue Pearl,₹269,₹999
685,38042PP04 Two Timers Analog Watch  - For Men,Fastrack,"₹1,694","₹2,095"
686,8119SM01C Sona Sitara Analog Watch  - For Women,SONATA,"₹1,169","₹1,375"
687,ZQ 182 NEW STYLISH PU BLACK COUPLE DIAL STRAP UJ 182 An...,Zanques,₹189,₹799
688,Analog Black Dial Crystal Glass Pack Of 3 For Girl's & ...,Bhakti,₹379,₹999
689,LS2734 Wolf Gents Exclusive Mesh Strap Analog Analog Wa...,LIMESTONE,₹194,"₹1,999"
690,AXE PRESENTS X-2270 BLACK DIAL WATCH FOR GIRL'S Analog ...,AXE Style,₹246,"₹1,299"
691,White Dial Stainless Steel Paidu Analog Watch  - For Me...,Blue Pearl,₹239,₹999
692,TH1791637 Analog Watch  - For Men,TOMMY HILFIGER,"₹4,759","₹11,500"
693,D&D-14 ANALOG DAY AND DATE DISPLAY WATCH FOR MEN & BOYS...,PIRASO,₹329,"₹1,599"
694,7924SL08 Analog Watch  - For Men,SONATA,₹804,₹949
695,NH9151SM01A Karishma Analog Watch  - For Men,Titan,"₹1,995","₹1,995"
696,38051SL06 Bold Fonts Analog Watch  - For Men,Fastrack,"₹1,695","₹1,750"
697,NG6078SM01 Analog Watch  - For Women,Fastrack,"₹2,254","₹2,650"
698,87019SL17 Splash 2.0 Analog Watch  - For Women,SONATA,₹936,₹975
699,4044-PK Modish Analog Watch  - For Women,Fogg,₹305,"₹1,399"
700,Bestseller Kids Analog-Digital Sports Casual Waterproof...,V2A,₹699,"₹1,499"
701,VL-1114 Stunning Black Day and Date Series Analog Watch...,VILLS LAURRENS,₹359,"₹2,199"
702,68006PP01 Trendies Analog Watch  - For Women,Fastrack,"₹1,995","₹1,995"
703,1195-WH White Unique Analog Watch  - For Men,Fogg,₹251,"₹1,599"
704,D099 Youth Digital ( AE-1200WHD-1AVDF ) Digital Watch  ...,CASIO,"₹2,795","₹2,995"
705,LCS-4119 DAY & DATE FUNCTIONING Analog Watch  - For Men,LOIS CARON,₹314,"₹2,499"
706,Imara039-B Analog Watch  - For Women,IMARA,₹679,"₹2,349"
707,Rubber Strap Sporty Look Mens Analog Watch Analog Watch...,FRIX,₹199,₹499
708,6117SM01 Analog Watch  - For Women,Fastrack,"₹3,150","₹3,250"
709,ES2615 Day And Date Functioning High Quality Analog Wat...,Espoir,₹299,"₹1,995"
710,1730SL02 Analog Watch  - For Men,Titan,"₹2,495","₹2,595"
711,L-62715LMLI Elite Analog Watch  - For Women,MAXIMA,₹499,"₹1,395"
712,VH000007C Analog Watch  - For Women,VAN HEUSEN,"₹1,259","₹2,725"
713,2051-BK Black Day and Date Analog Watch  - For Men,Fogg,₹322,"₹2,599"
714,VH000001B Analog Watch  - For Women,VAN HEUSEN,₹834,"₹1,945"
715,Imara029-C Analog Watch  - For Women,IMARA,₹979,"₹3,099"
716,Pendant Ring Fashion Ear ring Type Analog Watch  - For ...,MIKADO,₹359,"₹2,999"
717,AD206 Youth Combination ( AEQ-110BW-9AVDF ) Analog-Digi...,CASIO,"₹3,055","₹3,595"
718,6109SM03 Analog Watch  - For Women,Fastrack,"₹2,084","₹2,450"
719,4049-BK Elegant Analog Watch  - For Men,Fogg,₹249,"₹1,499"
720,HM-3172 Day&Date Series Analog Watch  - For Men,HMTE,₹321,₹999
721,NG7982PP02J Digital Watch  - For Men,SONATA,₹499,₹499
722,M7-1509-SILVER Chronograph Powered by Flipkart Special ...,M7 By Metronaut,₹448,"₹2,999"
723,TW-02524 Teenager Luxurious Fashion Silicone Black Colo...,KNACK,₹180,₹499
724,AX-GSQ152-BLC Elegant Blue Dial Square Shaped Day & Dat...,Aurex,₹354,"₹2,399"
725,NH1141YM14 Essentials Analog Watch  - For Men,SONATA,"₹1,375","₹1,375"
726,new digital watch for men and boys Digital Watch  - For...,SKMEI,₹399,"₹1,749"
727,8141WM02 Analog Watch  - For Women,SONATA,"₹1,825","₹1,825"
728,ND1141YL10 Analog Watch  - For Men,SONATA,"₹1,049","₹1,049"
729,LS2734 Wolf Gents Exclusive Mesh Strap Analog Analog Wa...,LIMESTONE,₹194,"₹1,999"
730,27813PPGW Fiber Collection Analog Watch  - For Men,MAXIMA,₹459,₹799
731,Stylish Dude Chain Style Watch For Men And Boy's Analog...,MIKADO,₹269,"₹1,999"
732,554 Combo Of One Exclusive Watch With One Matt Finish R...,Happy Khajana,₹284,₹499
733,D&D-14 ANALOG DAY AND DATE DISPLAY WATCH FOR MEN & BOYS...,PIRASO,₹329,"₹1,599"
734,7140SM02 Versatyle Analog Watch  - For Men,SONATA,"₹2,499","₹2,499"
735,Date Display Square Dial -hm-gsq007 Analog Watch  - For...,HEMT,₹598,"₹2,999"
736,New Stylish Analog All Brown couple Watch For Girls And...,just like,₹331,"₹1,499"
737,181 MAHADEV NEW STYLISH DIAL- PU STRAP & BLACK KING BRA...,RIXOS,₹265,₹799
738,DK11421-5 Analog Watch  - For Women,DANIEL KLEIN,"₹1,299","₹3,750"
739,LCS-96142 Day And Date Functioning High Quality Analog ...,Espoir,₹249,"₹1,795"
740,FZ 32_235 Couple Watches With Hubby & Wifey Printed Dia...,LOREM,₹319,₹999
741,IIK-BLACK black CHAIN Analog Watch  - For Couple,Niyati Nx,₹299,₹599
742,NH1650YM03 Karishma Analog Watch  - For Men,Titan,"₹2,204","₹2,595"
743,1195-WH White Unique Analog Watch  - For Men,Fogg,₹251,"₹1,599"
744,Genuine Leather Belt Best In Market Black Slim Dial Wom...,Loretta,₹249,₹999
745,Blue LS2834 Mesh Strap Day and Date Functioning All Blu...,LIMESTONE,₹314,"₹1,899"
746,AS000003A Analog Watch  - For Men,allen solly,₹940,"₹1,772"
747,L-62710LMLI Elite Analog Watch  - For Women,MAXIMA,₹499,"₹1,395"
748,AR-042-BLK Day & Date Analog Watch  - For Men,ARMADO,₹284,"₹2,199"
749,D&D C19 BLACK Latest Designer Black Color Watch With Da...,PIRASO,₹323,"₹1,599"
750,PE000016B Analog Watch  - For Men,PETER ENGLAND,₹839,"₹1,695"
751,AX-GSQ128-WTSG Original Two Tone Gold Plated White Dial...,Aurex,₹649,"₹2,999"
752,bl-1002-dtl-g-grn 1002 Digital Watch  - For Boys & Girl...,Benling,₹340,"₹1,800"
753,LS2821 Bleed Blue Day and Date Functioning Strap Adult ...,LIMESTONE,₹296,"₹1,999"
754,1384 black sports watch Digital Watch  - For Men,SKMEI,₹354,"₹1,999"
755,K-70548n stylish watch for Men Analog Watch  - For Men,KNACK,₹220,₹599
756,LK-05 Black-Round Professional Plain Leather Analog Wat...,LOREM,₹199,₹999
757,96127-New Stylish Beloved Couple Watches for Men and Wo...,iDIVAS,₹265,₹849
758,Shiva_181_B_OM Top Selling_Analog_Unique Product Analog...,JRM,₹294,"₹1,099"
759,302-Black Leather Strap Moon Designed Mens And Boys Ana...,Rizzly,₹375,"₹1,999"
760,38024PP27 Minimalists Analog Watch  - For Men,Fastrack,₹850,₹850
761,Moon Designed For Men And Women Couple Watch Combo Anal...,Rizzly,₹649,"₹2,499"
762,good friends stylish With 1 year Warranty Analog Watch ...,iDIVAS,₹275,"₹1,499"
763,TW-02524 Teenager Luxurious Fashion Silicone Black Colo...,KNACK,₹180,₹499
764,WWM-TM-010907 TOWNSMAN Analog Watch  - For Men,Walrus,₹302,"₹1,640"
765,HM-GR213-BLK-GLD Analog Watch  - For Men,HEMT,₹614,"₹2,499"
766,38039PP21 Analog Watch  - For Men & Women,Fastrack,₹795,₹795
767,2111-BLACK Day & Date with Black Rubber Analog Watch  -...,Fogg,₹296,"₹1,799"
768,3089SL05 Analog Watch  - For Men,Fastrack,"₹2,204","₹2,695"
769,LS2804 All Black Mesh Strap Day and Date Functioning Qu...,LIMESTONE,₹271,"₹1,999"
770,NG38017PL02CJ Analog Watch  - For Men,Fastrack,"₹2,450","₹2,450"
771,Stylish Blue Couple Wear Analog Watch  - For Men & Wome...,Rizzly,₹399,"₹1,599"
772,Sports Design Adjustable Length Blue Dial Analog Watch ...,FOXTER,₹259,₹900
773,BlueWayfarerCombo/ANLG-405 Blue Analog Watch  - For Boy...,ANALOGUE,₹296,"₹1,299"
774,NG38017PL01CJ Analog Watch  - For Men,Fastrack,"₹2,350","₹2,350"
775,Stylish Red Stone Double Lovers Bracelet Women Analog W...,Rage Enterprise,₹315,₹599
776,38024PP52 Analog Watch  - For Men & Women,Fastrack,₹950,₹950
777,1200-BLACK Black Day and Date Analog Watch  - For Men,Fogg,₹305,"₹2,599"
778,Abx2070-Gents BL BLUE Day & Date Analog Watch  - For Me...,ABREXO,₹263,"₹1,899"
779,LS2734 Wolf Gents Exclusive Mesh Strap Analog Analog Wa...,LIMESTONE,₹194,"₹1,999"
780,B-L1060-BK-CH BLACK DIAL DAY & DATE FUNCTIONING Analog ...,Buccachi,₹322,"₹1,899"
781,7930PP14 Analog Watch  - For Men,SONATA,₹594,₹699
782,New Stylish Butterfly Low Price Analog Wrist Watch Kids...,just like,₹199,₹499
783,1195-WH White Unique Analog Watch  - For Men,Fogg,₹251,"₹1,599"
784,HD-LR159-PKC Girls Watch Steel Chain Studded Case & Stu...,Highend,₹303,"₹1,699"
785,3120SM02 Analog Watch  - For Men,Fastrack,"₹1,695","₹1,695"
786,7128NL01 Sleek Analog Watch  - For Men,SONATA,"₹1,569","₹1,849"
787,8976SL13 Splash 2.0 Analog Watch  - For Women,SONATA,₹749,₹749
788,77045pp02J Analog-Digital Watch  - For Men,SONATA,"₹2,379","₹2,799"
789,ES2615 Day And Date Functioning High Quality Analog Wat...,Espoir,₹299,"₹1,995"
790,9063Black Digital Black Sports Waterproof Watch Digital...,Piaoma,₹446,"₹2,495"
791,Stylish Lightweight Trendy Waterproof Unisex Calendar A...,V2A,₹599,"₹1,299"
792,Black square shape simple and professional women Watch ...,KNACK,₹190,₹449
793,4044-PK Modish Analog Watch  - For Women,Fogg,₹305,"₹1,399"
794,4075-SL Elegant Design Analog Watch  - For Women,Fogg,₹314,"₹1,799"
795,520-492 STYLISH BLACK DIAL- PU STRAP COMBO STE OF 2 WAT...,CRAB,₹284,₹999
796,8085YM01C Analog Watch  - For Women,SONATA,"₹1,019","₹1,199"
797,DW-01 Analog Watch  - For Men,SATNAM FASHION,₹189,₹899
798,FS5088 GRANT Analog Watch  - For Men,FOSSIL,"₹5,524","₹9,995"
799,D&D C19 BLACK Latest Designer Black Color Watch With Da...,PIRASO,₹323,"₹1,599"
800,NK7058NM01 Analog Watch  - For Men,SONATA,"₹1,599","₹1,599"
801,TWTL87SMU04 Analog Watch  - For Women,TIMEX,"₹1,674","₹2,995"
802,NG3039SM02 Basics Analog Watch  - For Men,Fastrack,"₹2,050","₹2,095"
803,BlueWayfarerCombo/ANLG-405 Blue Analog Watch  - For Boy...,ANALOGUE,₹296,"₹1,299"
804,Magnet Strap Girls Women All Diamond Rishtey Rose Gold ...,Daniel Jubile,₹284,"₹1,499"
805,black luxury proffessional women black attractive strap...,SPINOZA,₹249,₹499
806,Business Casual Party-wear Stylish Stainless Steel Watc...,Longbo,₹699,"₹1,999"
807,MAHADEV-HP001 Analog Watch  - For Boys,Varnienter,₹179,₹599
808,New Unique Collection Black Dial Analog Watch  - For Bo...,Rizzly,₹180,₹999
809,2058-BK Printed Black Day and Date Analog Watch  - For ...,Fogg,₹314,"₹2,299"
810,Abx8089-BK Black Dial Black Strap Date Functioning Watc...,ABREXO,₹239,"₹1,799"
811,TW00ZR297E Classics Analog Watch  - For Men,TIMEX,₹724,"₹1,495"
812,9915PP94 Fastrack Avengers Analog Watch  - For Men & Wo...,Fastrack,₹995,₹995
813,LS2734 Wolf Gents Exclusive Mesh Strap Analog Analog Wa...,LIMESTONE,₹194,"₹1,999"
814,LS2909 Analog Watch  - For Men,LIMESTONE,₹305,"₹1,999"
815,216-Black Sporty look Designer Analog Watch  - For Men,Rizzly,₹208,"₹1,299"
816,2111-BLACK Day & Date with Black Rubber Analog Watch  -...,Fogg,₹296,"₹1,799"
817,King-Queen Steel Belt Couple Watch Designer Analog Watc...,Septem,₹299,"₹1,599"
818,Moon Designed For Men And Women Couple Watch Combo Anal...,Rizzly,₹649,"₹2,499"
819,D&D-14 ANALOG DAY AND DATE DISPLAY WATCH FOR MEN & BOYS...,PIRASO,₹329,"₹1,599"
820,WWM-TM-010907 TOWNSMAN Analog Watch  - For Men,Walrus,₹302,"₹1,640"
821,38024PP27 Minimalists Analog Watch  - For Men,Fastrack,₹850,₹850
822,38039PP21 Analog Watch  - For Men & Women,Fastrack,₹795,₹795
823,1195-WH White Unique Analog Watch  - For Men,Fogg,₹251,"₹1,599"
824,good friends stylish With 1 year Warranty Analog Watch ...,iDIVAS,₹275,"₹1,499"
825,L-62716LMLI Elite Analog Watch  - For Women,MAXIMA,₹499,"₹1,395"
826,HM-GR213-BLK-GLD Analog Watch  - For Men,HEMT,₹614,"₹2,499"
827,Stylish Blue Couple Wear Analog Watch  - For Men & Wome...,Rizzly,₹399,"₹1,599"
828,NG38017PL01CJ Analog Watch  - For Men,Fastrack,"₹2,350","₹2,350"
829,D&D C19 BLACK Latest Designer Black Color Watch With Da...,PIRASO,₹323,"₹1,599"
830,38024PP52 Analog Watch  - For Men & Women,Fastrack,₹950,₹950
831,NG38017PL02CJ Analog Watch  - For Men,Fastrack,"₹2,450","₹2,450"
832,Stylish Red Stone Double Lovers Bracelet Women Analog W...,Rage Enterprise,₹315,₹599
833,4044-PK Modish Analog Watch  - For Women,Fogg,₹305,"₹1,399"
834,Abx2070-Gents BL BLUE Day & Date Analog Watch  - For Me...,ABREXO,₹263,"₹1,899"
835,3089SL05 Analog Watch  - For Men,Fastrack,"₹2,204","₹2,695"
836,1200-BLACK Black Day and Date Analog Watch  - For Men,Fogg,₹305,"₹2,599"
837,Sports Design Adjustable Length Blue Dial Analog Watch ...,FOXTER,₹259,₹900
838,new model HK 01 hk rz 01 Analog Watch  - For Boys,Happy Khajana,₹175,₹799
839,TP501-Grey Waterproof Digital Watch  - For Boys,Loretta,₹315,₹999
840,DW-01 Analog Watch  - For Men,SATNAM FASHION,₹189,₹899
841,4075-SL Elegant Design Analog Watch  - For Women,Fogg,₹314,"₹1,799"
842,520-492 STYLISH BLACK DIAL- PU STRAP COMBO STE OF 2 WAT...,CRAB,₹284,₹999
843,BlueWayfarerCombo/ANLG-405 Blue Analog Watch  - For Boy...,ANALOGUE,₹296,"₹1,299"
844,MT-LR701-PKC Analog Watch  - For Women,METRONAUT,₹360,"₹1,799"
845,9063Black Digital Black Sports Waterproof Watch Digital...,Piaoma,₹446,"₹2,495"
846,Black square shape simple and professional women Watch ...,KNACK,₹190,₹449
847,FS5088 GRANT Analog Watch  - For Men,FOSSIL,"₹5,524","₹9,995"
848,L-62716LMLI Elite Analog Watch  - For Women,MAXIMA,₹499,"₹1,395"
849,LS2734 Wolf Gents Exclusive Mesh Strap Analog Analog Wa...,LIMESTONE,₹194,"₹1,999"
850,Moon Designed For Men And Women Couple Watch Combo Anal...,Rizzly,₹649,"₹2,499"
851,38024PP27 Minimalists Analog Watch  - For Men,Fastrack,₹850,₹850
852,good friends stylish With 1 year Warranty Analog Watch ...,iDIVAS,₹275,"₹1,499"
853,D&D-14 ANALOG DAY AND DATE DISPLAY WATCH FOR MEN & BOYS...,PIRASO,₹329,"₹1,599"
854,WWM-TM-010907 TOWNSMAN Analog Watch  - For Men,Walrus,₹302,"₹1,640"
855,38039PP21 Analog Watch  - For Men & Women,Fastrack,₹795,₹795
856,King-Queen Steel Belt Couple Watch Designer Analog Watc...,Septem,₹299,"₹1,599"
857,2111-BLACK Day & Date with Black Rubber Analog Watch  -...,Fogg,₹296,"₹1,799"
858,HM-GR213-BLK-GLD Analog Watch  - For Men,HEMT,₹614,"₹2,499"
859,1195-WH White Unique Analog Watch  - For Men,Fogg,₹251,"₹1,599"
860,TI000R40900 Analog Watch  - For Men,TIMEX,₹979,"₹1,695"
861,NG3039SL02C Basics Analog Watch  - For Men,Fastrack,"₹1,750","₹1,759"
862,Designer Combo Of 2 Classic Analog OT-603-617 Analog Wa...,On Time Octus,₹399,₹999
863,4044-PK Modish Analog Watch  - For Women,Fogg,₹305,"₹1,399"
864,O-44901CMLI Analog Watch  - For Women,MAXIMA,₹569,"₹1,749"
865,0830259 Red Rev T Analog Watch  - For Men,SCUDERIA FERRARI,"₹6,489","₹16,950"
866,6152SL01 Analog Watch  - For Women,Fastrack,"₹1,149","₹1,350"
867,TD9519Sm02AMBEDKAR TD9519Sm02AMBEDKAR SILVER STAINLESS ...,terido,₹322,"₹2,995"
868,68012PP09 Tees Analog Watch  - For Men & Women,Fastrack,₹950,₹950
869,2058-WH Printed White Day and Date Analog Watch  - For ...,Fogg,₹314,"₹2,299"
870,Set Of 2 Attractive Pink And Black Pu Material Watches ...,Frolik,₹265,₹749
871,38003PP18 Tees Wicked Lines Analog Watch  - For Men & W...,Fastrack,₹950,₹950
872,USWAT0040 Analog Watch  - For Men,U.S. POLO ASSN.,"₹2,799","₹8,649"
873,D&D C19 BLACK Latest Designer Black Color Watch With Da...,PIRASO,₹323,"₹1,599"
874,304-Black Moon Stylish Girls Watch Designer Womens Anal...,Rizzly,₹375,"₹1,999"
875,02431PPGW Analog Watch  - For Men,MAXIMA,₹499,₹499
876,Diver's Display Black & White Multi Function Digital Sp...,SKMEI,₹318,"₹1,999"
877,AS000002C Analog Watch  - For Men,allen solly,"₹1,269","₹2,241"
878,38003PP17 Tees Wicked Lines Analog Watch  - For Men & W...,Fastrack,₹950,₹950
879,TP501-Grey Waterproof Digital Watch  - For Boys,Loretta,₹315,₹999
880,NH7987YL03CJ Analog Watch  - For Men,SONATA,₹569,₹599
881,TW00ZR294E Classics Analog Watch  - For Men,TIMEX,₹699,"₹1,295"
882,Men's Exclusive Men02 Black Analog Watch  - For Boys,Daniel Jubile,₹194,"₹1,499"
883,LS2804 All Black Mesh Strap Day and Date Functioning Qu...,LIMESTONE,₹271,"₹1,999"
884,B-G5045-BK-BK Black Dial Special Diamond Cute Glass Wri...,Buccachi,₹255,"₹1,699"
885,TW-W0002T8 Pack Of 8 Combo Girls & Women Analog Watch  ...,TWiT,₹675,₹899
886,8100SL01C Analog Watch  - For Women,SONATA,₹849,₹875
887,8147BM01 Analog Watch  - For Women,SONATA,"₹1,359","₹1,599"
888,BL-1012-311-SLVR-GOLD Shiny Gold Hands Latest Trending ...,Benling,"₹1,063","₹4,499"
889,LS2734 Wolf Gents Exclusive Mesh Strap Analog Analog Wa...,LIMESTONE,₹194,"₹1,999"
890,9915PP95 Fastrack Avengers Analog Watch  - For Men & Wo...,Fastrack,₹995,₹995
891,3242SL01 Analog Watch  - For Men,Fastrack,"₹1,159","₹1,795"
892,CSD-276-GLD Original Gold Plating Day and Date Series A...,CASADO,₹339,"₹2,999"
893,2058-BK Printed Black Day and Date Analog Watch  - For ...,Fogg,₹314,"₹2,299"
894,3242SL02 Analog Watch  - For Men,Fastrack,"₹1,134","₹1,795"
895,New Style Combo pack Of 2 Analog watch-For Girls Watch ...,just like,₹312,"₹1,299"
896,AR1614 DINO Analog Watch  - For Men,EMPORIO ARMANI,"₹8,759","₹13,995"
897,SS-GR6622-BLK-CH Analog Watch  - For Men,Swisstyle,₹449,"₹2,499"
898,ES4863 Daisy 3 Hand Analog Watch  - For Women,FOSSIL,"₹4,009","₹8,995"
899,D&D-14 ANALOG DAY AND DATE DISPLAY WATCH FOR MEN & BOYS...,PIRASO,₹329,"₹1,599"
900,USAT0151 Analog Watch  - For Men,U.S. POLO ASSN.,"₹2,149","₹5,999"
901,NG7078YM03 Analog Watch  - For Men,SONATA,"₹1,229","₹1,449"
902,68012PP06 Tees Analog Watch  - For Men & Women,Fastrack,₹950,₹950
903,1195-WH White Unique Analog Watch  - For Men,Fogg,₹251,"₹1,599"
904,68010SM05 Analog Watch  - For Women,Fastrack,"₹1,495","₹1,495"
905,38003PP17 Tees Wicked Lines Analog Watch  - For Men & W...,Fastrack,₹950,₹950
906,B-GR5046-BWH-CH White & Blue Dial Day & Date Functionin...,Buccachi,₹322,"₹1,899"
907,DIVA111 Rectangle Dial Golden Analog Watch  - For Women,Divastri,₹339,"₹1,599"
908,38018PP02CJ Tees Analog Watch  - For Men & Women,Fastrack,₹759,₹895
909,D&D C19 BLACK Latest Designer Black Color Watch With Da...,PIRASO,₹323,"₹1,599"
910,KJR_56-939 ALL NEW STYLISH DESIGNER WATCH COMBO FOR COU...,HENCY,₹379,"₹1,199"
911,Black Heart Women Watch Bracelet And Watch Combo Analog...,MIKADO,₹224,"₹1,999"
912,New Laxurius Looking Magnet Black & Rose Gold Starry sk...,Shunya,₹319,₹999
913,ANLG-428 Analog Watch  - For Men,ANALOGUE,₹233,"₹1,499"
914,ZR2046 Special desined exchange Girls and Women Analog ...,ZIERA,₹261,"₹1,999"
915,TWTL87SMU01 Analog Watch  - For Women,TIMEX,"₹1,674","₹2,995"
916,VEKAJR_492 Analog Watch  - For Men,VEKARIYA,₹179,₹499
917,8107YM01C Analog Watch  - For Women,SONATA,"₹1,649","₹1,699"
918,LADIES_738 LOOKING STYLISH BLUE DIAL-METAL STRAP With B...,Zanques,₹349,₹799
919,LS2821 Bleed Blue Day and Date Functioning Strap Adult ...,LIMESTONE,₹296,"₹1,999"
920,Imara004-C Analog Watch  - For Women,IMARA,₹929,"₹2,599"
921,2480KM01 Analog Watch  - For Women,Titan,"₹2,795","₹2,995"
922,Men's Exclusive Men02 Black Analog Watch  - For Boys,Daniel Jubile,₹194,"₹1,499"
923,TW-02524 Teenager Luxurious Fashion Silicone Black Colo...,KNACK,₹180,₹499
924,F-TM523 Blue Dial Multi-functional Automatic Synthetic ...,Timor,₹296,"₹1,799"
925,VH000011C Analog Watch  - For Women,VAN HEUSEN,"₹1,089","₹2,225"
926,TW00ZR294E Classics Analog Watch  - For Men,TIMEX,₹699,"₹1,295"
927,87020SM02 Essentials Analog Watch  - For Women,SONATA,₹725,₹725
928,B-G5045-BK-BK Black Dial Special Diamond Cute Glass Wri...,Buccachi,₹255,"₹1,699"
929,LS2804 All Black Mesh Strap Day and Date Functioning Qu...,LIMESTONE,₹271,"₹1,999"
930,TW-W0002T8 Pack Of 8 Combo Girls & Women Analog Watch  ...,TWiT,₹675,₹899
931,NH7987YL03CJ Analog Watch  - For Men,SONATA,₹569,₹599
932,9915PP95 Fastrack Avengers Analog Watch  - For Men & Wo...,Fastrack,₹995,₹995
933,LS2734 Wolf Gents Exclusive Mesh Strap Analog Analog Wa...,LIMESTONE,₹194,"₹1,999"
934,BL-1012-311-SLVR-GOLD Shiny Gold Hands Latest Trending ...,Benling,"₹1,063","₹4,499"
935,8100SL01C Analog Watch  - For Women,SONATA,₹849,₹875
936,8147BM01 Analog Watch  - For Women,SONATA,"₹1,359","₹1,599"
937,New Unique Collection Black Dial Analog Watch  - For Bo...,Rizzly,₹180,₹999
938,New Latest Waterproof Sport Look Black Strap Watch For ...,Loretta,₹299,"₹1,199"
939,1195-WH White Unique Analog Watch  - For Men,Fogg,₹251,"₹1,599"
940,A1767 (MTP-V006L-3BUDF) Enticer Men's Analog Watch  - F...,CASIO,"₹1,995","₹1,995"
941,1836NL02 Analog Watch  - For Men,Titan,"₹2,494","₹3,745"
942,Stylish Digital Blue Cut Apple Kids Digital Watch  - Fo...,Rage Enterprise,₹166,₹599
943,4044-PK Modish Analog Watch  - For Women,Fogg,₹305,"₹1,399"
944,2593SM03 Ladies Karishma Analog Watch  - For Women,Titan,"₹1,454","₹1,995"
945,71000 chronograph pattern Analog Watch  - For Boys,ARMADO,₹474,"₹2,199"
946,3072SL01 Analog Watch  - For Men,Fastrack,"₹4,395","₹5,295"
947,CLASSIC NEW ARRIVAL ANALOG WATCH FOR MEN AND WOMEN COUP...,AMINO,₹379,₹999
948,ZQ 181 NEW STYLISH PU BLACK STRAP 181 Analog Watch  - F...,Zanques,₹199,₹799
949,4049-BK Elegant Analog Watch  - For Men,Fogg,₹249,"₹1,499"
950,Men's Steel Chain RB02 Silver Brown New Stylis Men's Al...,Daniel Jubile,₹227,"₹1,499"
951,1716 BLUE TIMEWEAR COMMANDO SERIES Analog-Digital Watch...,TIMEWEAR,₹999,"₹3,499"
952,5076 Blue Day and Date Analog Watch  - For Couple,Fogg,₹559,"₹3,199"
953,D&D C19 BLACK Latest Designer Black Color Watch With Da...,PIRASO,₹323,"₹1,599"
954,Latest Black Men And Black Chain Women Stylish Couple C...,Varni Retail,₹375,"₹1,899"
955,4066-BR New Brown Watch Analog Watch  - For Men,Fogg,₹341,"₹2,599"
956,AS000003D Analog Watch  - For Men,allen solly,₹903,"₹1,928"
957,BFW-264 NEW LETEST WATCH & BRACELET COMBO Analog Watch ...,BRAIN WATCH,₹379,"₹1,199"
958,Pink square shape simple and professional women Watch -...,KNACK,₹190,₹449
959,TP501-Grey Waterproof Digital Watch  - For Boys,Loretta,₹315,₹999
960,6204SL04 Analog Watch  - For Women,Fastrack,"₹1,359","₹1,795"
961,SP~58897 black and white turntable metal strap attracti...,SPINOZA,₹369,"₹1,999"
962,HK-Prisom Blaak -latest collation fancy and attractive ...,SATNAM FASHION,₹219,₹499
963,LS2804 All Black Mesh Strap Day and Date Functioning Qu...,LIMESTONE,₹271,"₹1,999"
964,LrWL-04--LK-05 New Stylish Brown - Black Color Analog W...,LOREM,₹349,₹999
965,NG3089SL04 Black Magic Analog Watch  - For Men,Fastrack,"₹2,945","₹3,250"
966,TWHL41SMU06 Analog Watch  - For Women,TIMEX,"₹2,024","₹3,495"
967,PE000017B Analog Watch  - For Men,PETER ENGLAND,"₹1,579","₹3,045"
968,Pink square shape simple and professional women Watch -...,KNACK,₹190,₹449
969,BlueWayfarerCombo/ANLG-405 Blue Analog Watch  - For Boy...,ANALOGUE,₹296,"₹1,299"
970,77085PP12 Volt 3 Analog Watch  - For Men,SONATA,₹699,₹699
971,O-33-133 Couple Watch With Premium Black Designer Casua...,FERRIZZO,₹309,₹999
972,625 Analog watch for Girls And Women Analog Watch  - Fo...,MIKADO,₹359,"₹2,499"
973,2058-BK Printed Black Day and Date Analog Watch  - For ...,Fogg,₹314,"₹2,299"
974,Best Selling Waterproof Kids Shockproof Calendar Chrono...,V2A,₹679,"₹1,699"
975,NG3099SM02 Sports Analog Watch  - For Men,Fastrack,"₹2,204","₹2,595"
976,77086PL01 Volt+ Analog Watch  - For Men,SONATA,₹875,₹875
977,1771SM02 Neo Analog Watch  - For Men,Titan,"₹2,059","₹3,095"
978,NJ7987SM04W Analog Watch  - For Men,SONATA,₹675,₹675
979,LS2734 Wolf Gents Exclusive Mesh Strap Analog Analog Wa...,LIMESTONE,₹194,"₹1,999"
980,303-Black Moon Stylish Girls Watch Designer Analog Watc...,Rizzly,₹375,"₹1,999"
981,DE 2087 DE 2087 Exclusive Pink Dial Analog Watch  - For...,Lugano,₹324,"₹1,899"
982,NEW STYLISH MULTI COLOR DIAL ANALOG SILVER METAL STRAP ...,HENCY,₹474,₹999
983,D&D-14 ANALOG DAY AND DATE DISPLAY WATCH FOR MEN & BOYS...,PIRASO,₹329,"₹1,599"
984,Purple diamond studded attractive butterfly stylish wom...,SPINOZA,₹195,₹399
985,Evergreen Bracelet Style Combo Analog Watch  - For Girl...,MIKADO,₹209,"₹1,999"
986,NH1639SM01 Karishma Analog Watch  - For Men,Titan,"₹1,945","₹1,995"
987,VELVET-04 Multi-color Design Casual Analogue Women Anal...,MAAN INTERNATIONAL,₹419,"₹1,999"
988,MXGLD221-5 Set Of Five Combo For Boys Analog Watch  - F...,SPLAZOS,₹449,"₹2,499"
989,1195-WH White Unique Analog Watch  - For Men,Fogg,₹251,"₹1,599"
990,TC-197 New Designer Classic Dial Analog Watch  - For Wo...,iDIVAS,₹209,₹999
991,01S101 blue exclusive diamond studded prisiouse collact...,SPINOZA,₹239,₹449
992,Professional Rich Look Designer Combo Analog Watch  - F...,Rizzly,₹299,"₹1,699"
993,4044-PK Modish Analog Watch  - For Women,Fogg,₹305,"₹1,399"
994,8902 Black Long Life Black Unique Trendy Analog Watch  ...,Piaoma,₹509,"₹2,495"
995,VELVE-03 Multi-color Fancy Analogue Velvet Leathet Wome...,MAAN INTERNATIONAL,₹349,"₹1,999"
996,AS000002A Analog Watch  - For Men,allen solly,"₹1,234","₹2,241"
997,38048PP02 Trendies Analog Watch  - For Men,Fastrack,"₹2,195","₹2,195"
998,New Pink Stylish Braclet Belt With Stone With 1 YEAR WA...,TRUE COLORS,₹228,₹999
999,D&D C19 BLACK Latest Designer Black Color Watch With Da...,PIRASO,₹323,"₹1,599"
